Reg,Dist,FacilityName
1,4,A.M.E Zion Clinic
1,24,Abenkyiman Clinic
1,1,Aboabo Health Centre
1,2,Aboabogya Health Centre
1,3,Aboaso Health Centre
1,4,Aboffour Health Centre
1,14,Abuakwa Maternity Home
1,10,Aburaso Methodist clinic
1,5,Achiase Health Centre
1,6,Adidwan Health Centre
1,7,Adimposo CHPS
1,15,Adom Hospital
1,26,Adom Maternity Home
1,2,Adwumakase Kese Health Centre
1,9,Afamaso Maternity Home
1,8,Aframso Health Centre
1,2,Afrancho Health Centre
1,15,Agogo Presby Hospital
1,9,Agona Health Centre
1,5,Agyenkwa Clinic
1,17,Agyenkwa Clinic
1,10,Ahenema kokoben Health Centre
1,2,Ahenkro Health Centre
1,11,Ahmadiya Muslim Hospital
1,24,Ahmadiyaa Mission Hospital
1,24,Ahwene Memorial Hospital
1,13,Aim High Clinic
1,11,Akokuaso Health Centre
1,24,Akomaa Memorial Hospital
1,4,Akomadan Health Centre
1,1,Akrofrom Clinic
1,12,Akrofrom Community Clinic
1,13,Akrofrom Health Centre
1,1,Akrokerri Health Centre
1,14,Akropong Health Centre
1,14,Akropong Maternity Home
1,13,Akutreso Health Centre
1,18,Akwasiase Dressing Station
1,18,Alice Memorial Maternity Clinic
1,17,All Souls Clinic
1,13,Allen Health Clinic
1,17,Amansan Clinic
1,15,Amantenaman Health Centre
1,5,Amponsah Konadu Memorial Maternity Home
1,13,Ampunyasi Health Centre
1,18,Anane Aya Maternity Home
1,15,Ananekrom Health Centre
1,16,Anglican (Mobile) Eye Clinic
1,16,Atonso/Agogo Fejiase clinic
1,16,Brodekwanu Methodis Clinic
1,16,CAMFAP Maternity Clinic
1,16,Jachie Health Centre
1,16,Kuntenase Government Hospital
1,16,Lake Bosomtwi Methodist Clinic
1,16,Nyameani Methodist Clinic
1,16,Piase CHPS
1,16,SDA Clinic Konkoma
1,16,Sophia Maternity Home
1,16,St. Marys Anglican Clinic
1,16,St. Micheal Hospital
1,16,Tetrefu Health Centre
1,16,God's Grace Maternity Home
1,17,Anyinam Clinic
1,18,Anyinasuso Health Centre
1,18,Anyinasuso Maternity Home
1,4,Anyinasusu SDA Centre
1,19,Anyinofi Health Centre
1,6,Apaa Maternity Home
1,5,Apromase Health Centre
1,6,Asaam Health Clinic
1,17,Asempa   Maternity and Clinic
1,10,Ahenema kokoben Health Centre
1,10,Bebu Methodist Clinic
1,10,Eye Adom Maternity Home
1,10,Foase Health Centre
1,10,Kwanwoma Health Centre
1,10,Trabuom Health Centre
1,10,Trede Health Centre
1,10,Nweneso III Health Centre
1,20,Asiwa Health Centre
1,1,Asokwa Health Centre
1,7,Essuowin Health Centre
1,8,Asubuasu Health Centre
1,14,Asuofua Health Centre
1,13,Ataasi Health Centre
1,8,Atonsu Health Centre
1,13,Atwereboana Clinic
1,14,Atwima Clinic
1,17,Avril Clinic
1,21,Babaso MCH
1,22,Banka Health Centre
1,19,Banko Health Centre
1,22,Banso SDA Clinic
1,14,Barekese Health Centre
1,23,Barniekrom maternity home
1,15,Bebome Health Centre
1,10,Bebu Methodist Clinic
1,24,Bekwai Government Hospital
1,6,Benim Health Centre
1,8,Beposo Health Centre
1,23,Bethel Maternity Home
1,18,Betiako Health Centre
1,23,Beyerebon No.5 Health Centre
1,6,Birem Health Centre
1,2,Boamang Health Centre
1,9,Boanim Health Centre
1,1,Bodwesango St Louis Health Centre
1,5,Bomfa Health Centre
1,22,Bompata Health Centre
1,25,Bonsua Health Centre
1,5,Bonwire Clinic
1,17,Brahabebome Clinic
1,17,Bryant  Mission Hospital
1,17,Cecilia Maternity  Home
1,17,Central Market Clinic
1,3,Christ Our Hope Maternity Home
1,7,Christ Our Saviour Clinic
1,5,Church of Christ Mission Clinic
1,5,Church of God Clinic
1,23,Community Health Centre
1,8,Cross Medical Centre
1,15,Daasebre Maternity Home
1,19,Dadiase Health Centre
1,5,Dakopon Hospital
1,7,Datano Health Post
1,20,Detieso Community Clinic
1,9,Domeabra Health Centre
1,1,Dompoase Benito Menni Health Centre
1,7,Dora Maternity Clinic
1,4,Dorcas Memorial Clinic
1,20,Duasi Community Clinic
1,15,Dwease Health Centre
1,22,Dwendwenase Health Centre
1,23,Ebenezer Methodist Clinic
1,13,Edwafo Health Centre
1,11,Effiduase District Hospital
1,11,Effiduase Trust Maternity Home
1,5,Ejisu Health Centre
1,21,Ejura District Hospital
1,21,Ejura MCH
1,2,Ejuratia Health Centre
1,17,Emmanuel  Maternity  Home
1,21,Enso Nyameye Maternity Home
1,26,Essienkyem Health Centre
1,14,Everest Hospital
1,10,Eye Adom Maternity Home
1,2,Family Care Hospital
1,3,Fawade Nkanta Clinic
1,10,Foase Health Centre
1,1,Fomena Health Centre
1,1,Fumso Health Centre
1,1,Fumso-Ketewa Health Centre
1,2,Gladys Maternity Home
1,5,Global Evangelical Mission Hospital
1,14,God is Able Maternity Home
1,5,Grace Maternity Home and Clinic
1,20,Gyasikrom Health Centre
1,23,Gyreso RCH
1,21,Homako Community Clinic
1,5,Humble Maternity Home
1,5,Huttel Health Centre
1,13,Hwidiem Community Clinic
1,17,Ideal Homoepatic Clinic
1,8,Isaaka Akura Health Centre
1,2,Jalua  Maternity Home
1,9,Jamasi Health Centre
1,8,Jeduako Clinic
1,17,Jemina Maternity Home
1,5,Jesus Is Lord Maternity Home
1,3,Joy Maternity Home
1,5,Juaben Government Hospital
1,15,Juansa Health Centre
1,22,Juaso District Hospital
1,7,Keniago CHPS
1,3,Kenyasi Health Centre
1,17,KofiKrom Clinic
1,6,Kofiase Health Centre
1,24,Kokofu General Hospital
1,9,Kona Health Centre
1,15,Konongo-Odumasi Government Hospital
1,6,Krobo Health Centre
1,19,Kumawu Health Centre
1,22,Komeso Health Centre
1,2,Kwamang Health Centre
1,8,Kwamang Health Centre
1,10,Kwanwoma Health Centre
1,5,Kwaso Health Centre
1,2,Kyekyewere Health Centre
1,15,Life Land Clinic
1,14,Maakro Clinic
1,18,Matang Clinic
1,5,Madoma Maternity Clinic
1,5,Mama Tina Maternity Home
1,6,Mampong District Hospital
1,6,Mampong Quality Hospital
1,3,Mamponteng Health Centre
1,18,Manfo Health Centre
1,26,Mankranso Hospital
1,7,Manso Abore Health Centre
1,7,Manso Edubia Health Centre
1,7,Manso Nkwanta Maternity Home
1,7,Manso Tontokrom Health Centre
1,13,Mansonso Health Centre
1,12,Marben Maternity
1,3,Meduma Clinic
1,5,Memorial Maternity Home
1,2,Methodist Faith Healing Hospital
1,12,Mile 14 Community Clinic
1,22,Morso Clinic
1,7,Mother of God Clinic
1,26,Mpasaso Health Centre
1,7,Mpatuom RCH
1,2,Mpobi RCH
1,22,Muranaim Health Centre
1,6,Nadaworoma Clinic
1,14,Nana Frema Maternity Home
1,24,Nancy Powel's Clinic
1,17,Neighbourhood    Clinic
1,1,New Ayaasi Adom Maternity Home
1,13,New Edubiase Hospital
1,24,New Life Clinic
1,7,Nipankyeremia CHPS
1,14,Nkawie/Toase Hospital
1,4,Nkenkasu District Hospital
1,21,Nkwanta Community Clinic
1,22,Nnadieso Health Centre
1,5,Nobewam SDA Clinic
1,8,Nsutaman Health Centre
1,23,Ntobroso Health Centre
1,12,Numereso Health Centre
1,15,Nutrition Rehabilitation Centre
1,14,Nyama Maternity Home
1,7,Nyame Akwan Maternity
1,23,Nyinahin Government Hospital
1,22,Obogu Health Centre
1,13,Obonsu Clinic
1,17,Obuasi Government Hospital
1,7,Odaho RCH
1,25,Offinso Health Centre
1,22,Ofoase Health Centre
1,11,Okaikrom Health Centre
1,8,"Catholic Clinic, Oku"
1,2,Owusua Maternity Home
1,19,Oyoko Our Lady Maternity Home
1,5,Paradyse Clinic
1,19,Peace and Comfort Maternity Clinic
1,14,Peace Homeo Medical Centre
1,5,Peminase Maternity Home
1,26,Pokukrom Health Centre
1,15,Praaso Health Centre
1,25,Quality Care Clinic
1,7,Resolute Amansie
1,5,Rev. Walker Medical Centre
1,22,Rose Maternity Home
1,26,Sabronum  Health Centre
1,9,Sacred Heart Maternity Clinic
1,23,Saakrom Health Centre
1,9,Salvation Army Clinic
1,6,SDA Clinic Apaa
1,24,SDA Hospital
1,5,SDA Hospital
1,9,SDA Hospital Asamang
1,9,SDA Hospital Wiamoase
1,21,Sekyedumase Health Centre
1,11,Sekyere Health Centre
1,11,Sekyere Methodist Clinic
1,11,Senchie Methodist Clinic
1,7,Shalom Clinic
1,24,Shalom Methodist Clinic
1,13,Sikaman Health Centre
1,6,Sister Philipa Maternity Home
1,23,Sreso Tinpom Health Centre
1,11,St Luke Clinic
1,5,St. Annes Maternity Clinic
1,26,St. Anns Maternity Home
1,21,St. Anthony Maternity Clinic
1,26,St. Edwards Clinic
1,26,St. Johns Clinic
1,3,St. Joseph's Clinic
1,17,St. Jude Hospital  Ltd
1,21,St. Luke Hospital Kasei
1,7,St. Martin's  Hospital
1,7,St. Martin's Catholic Clinic
1,24,St. Mary's Clinic
1,26,St. Michael Clinic
1,14,St. Micheal Maternity Home
1,25,St. Patricks Hospital
1,23,St. Peters Clinic
1,12,St. Peters' Hospital
1,24,St. Stephen's Clinic
1,2,St. Theresa's Maternity Home
1,12,St. Thomas General and Maternity Clinic
1,19,St. Vincent Clinic
1,18,Subriso Health Centre
1,5,Super Care Hospital
1,23,Tano-Odumasi Health Centre
1,18,Tepa District Hospital
1,2,Tetrem Health Centre
1,17,The Queens Maternity Home
1,5,Tikrom Clinic
1,24,Tinkwamah Maternity Home
1,14,Toase Clinic
1,10,Trabuom Health Centre
1,10,Trede Health Centre
1,17,Twumwaa Maternity Home
1,23,Victory Christ Maternity Home
1,17,Watt 250 Maternity  Home
1,19,Westphalian Hospital Complex
1,9,Wiamoase Clinic
1,1,Wioso Health Centre
1,26,Wioso Methodist Clinic
1,3,Wonoo Health Centre
1,19,Woraso Health Centre
1,5,Yaa Asantewaa Maternity Clinic
1,21,Zambrama Community Clinic
1,15,Agogo Nurses Training Coll
1,25,Offinso Nurses/Midwifery Training School
1,1,Fomena Community Health Nurses Training School
1,24,Kokofu Health Assistants Training School
1,18,Tepa Health Assistants Training School
1,22,Juaso SABS Hospital
1,22,Pra River Apostolic Clinic
1,14,Abuakwa Madonna Health Centre
1,14,Nkawie Clinic
1,14,Achiase Nyama Maternity Home
1,14,Nerebehi Health Centre
1,23,Anyinamso Maternity Home
1,23,Mpasatia Health Centre
1,23,Kotokuom Health Centre
1,21,Anyinasu SDA Clinic
1,18, Ante Amma Maternity Home
1,18, Adom Nyame Clinic
1,18,Janet Maternity Home
1,6,Mampong Municipal Health Directorate
1,6,Mampong Midwifery Training School
1,6,Mampong Health Assistants Training School
1,6,Mampong Government Hospital
1,6,Mampong Phillipa  Maternity Home
1,6,Mampong Nadaworoma Maternity Home
1,6,Adidwan Health Centre
1,6,Mampong Quality Hospital
1,6,Apaa Sda Clinic
1,3,Asonomaso Government Hospital
1,2,Atimatim osei Yeboah Clinic
1,3,Ahwiaa Maame Rose Maternity 
1,3,Adanwomase Eye Awurade Maternity Home
1,13,Wamase Health Centre
1,13,Wuriyie Clinic
1,26,Biemso Health Centre
1,26,Wioso Health Centre
1,26,Anitemfe Health Centre
1,26,Asuadei Eno Mary Maternity Home
1,11,Asokore Ahmadyya Muslem Hospital
1,12,Tweapease Clinic
1,12,Fenaso Chps
1,20,Dunkura  Health  Centre
1,20,Yapesa St.Mary Clinic
1,17,Obuasi Municipal Health Directorate
1,7,Esaase Bontefufuo Mother Of God Clinic 
1,7,Manso Nkran Amansie Resources Clinic
1,7,Aborso Clinic
1,7,Watreso Methodist Shalom Clinic
1,7,Ankam Community Clinic 
1,7,Mpraniase Chps
1,7,Manso Nkran Chps
1,7,Aboaboso Chps 
1,7,Akyekyerekrom Chps
1,15,Konongo Adom Hospital
1,15,Konongo Patience Clinic
1,4,Nyamebekyere Cliinic
1,10,Bebu Emmanuel Methodist Clinic
1,10,Brofoyedru Eye Adom Maternity Clinic
1,10,Nweneso Iii Health Centre
1,27,4 Medical Research Station
1,27,Abrafi Memorial Hospital
1,27,Abu Clinic
1,27,Academy Clinic
1,27,Adabie Hospital
1,27,Adeb-Sab Maternity Home and Clinic
1,27,Aded-Sab Maternity Home
1,27,Adom Nyame Clinic
1,27,Adum Clinic
1,27,AG Timbers Clinic
1,27,Agyeman Memorial Clinic
1,27,Agyenkwa N'adom Clinic
1,27,Agyenkwa Nyame Clinic
1,27,Ahmadiya Hospital
1,27,Ahmadiya Muslim Clinic
1,27,Akyaa Memoria Hospital
1,27,Alpha Maternity Home
1,27,Amamata Memorial Maternity Home
1,27,Amanfrom Clinic and Laboratory
1,27,Amoah Memorial Hospital
1,27,Ampabame Clinic
1,27,Ampomaa Memorial Maternity Home
1,27,Animah Clinic
1,27,Animwaa Medical Centre
1,27,Anwiam Clinic
1,27,Anwomaso Health Centre
1,27,Apatrapa Health Centre
1,27,Asihene's Clinic
1,27,Assalam Clinic
1,27,Asuoyeboa Clinic
1,27,Atasemanso Hospital
1,27,Atsyor Hospital Complex
1,27,Atwima Timbers Clinic
1,27,Ayeduasi Health Centre
1,27,Ayiwa Maternity Home
1,27,Baby Pearl Maternity Home/Clinic
1,27,Bantama Clinic
1,27,Bibiani Logging and Lumber Company Clin
1,27,Bilsons Allens Clinic
1,27,Bimpeh Hill Clinic
1,27,Bimpeh Hill Hospital Annex
1,27,Boatemaa Maternity Home
1,27,Boatemaa Memorial Hospital
1,27,Bomso Specialist Hospital
1,27,Brainok Salvation Clinic
1,27,Bremang Clinic
1,27,Central Male  Prisons Clinic
1,27,Central Maternity Home
1,27,Central Maternity Home - ANNEX
1,27,Charity Hospital
1,27,Christ the King Clinic
1,27,Church of Christ Mission
1,27,City Hospital
1,27,Clinic Ash Town Ltd.
1,27,Coca Cola Bottling Clinic
1,27,Cocoa Clinic
1,27,Comfort Maternity Home
1,27,Complementary Clinic
1,27,Cosmos Clinic
1,27,County Hospital
1,27,CPC Maternity and Clinic
1,27,Ebenezer Clinic
1,27,Ebenezer Maternity Home
1,27,Eliza Maternity Home
1,27,Emahata Clinic
1,27,Enec Dental Clinic
1,27,Faith Clinic
1,27,Faith Maternity Home
1,27,Florence Maternity Home
1,27,Gansmen's Medical Centre
1,27,Ghana Brewery Clinic
1,27,Ghana Guiness Breweries Group Clinic
1,27,Girbrines Health Services and Clinic
1,27,Gloria Memorial Hospital
1,27,God First Clinic
1,27,God's Glory Maternity Clinic
1,27,Graceland Clinic
1,27,Habitat Sawmill Clinic
1,27,Happy Day Maternity Home
1,27,Hebrona Hospital
1,27,Histolic Adventist Clinic
1,27,Holy Rosary Maternity Home
1,27,Humble Maternity Home - Annex
1,27,Islamic Homoepatic Clinic
1,27,JCM Company Clinic
1,27,Joy Maternity Home Clinic
1,27,Kaase Maternity Home
1,27,Kama Clinic
1,27,Keffam Hospital
1,27,Kezia Maternity Home and Clinic
1,27,KMA Clinic
1,27,KNUST Hospital
1,27,Komfo Anokye Teaching Hospital
1,27,Kufour Clinic
1,27,Kumasi Female Prisons Clinic
1,27,Kumasi Medical Centre
1,27,Kumasi Medical Centre ANNEX
1,27,Kumasi South Government Hospital
1,27,Kwesamkof New Tafo Clinic
1,27,Kyei Memorial Hospital
1,27,Lake Road Clinic
1,27,Levenuel Clinic
1,27,Logs Logging and Lumber Clinic
1,27,Maame Serwa Maternity Home
1,27,Maggie's Maternity Home
1,27,Majero Maternity Home and Clinic
1,27,Mammie Maternity Home
1,27,Manhyia Government Hospital
1,27,Manukure Clinic
1,27,Maranatha Maternity Clinic
1,27,Mary's Maternity Home
1,27,Maternal and Child Health Hospital
1,27,Matty Memorial Clinic
1,27,Mavelil Homoe Mission
1,27,Mbrom Hospital
1,27,Medical Center - ANNEX
1,27,Mintah Afari Maternity Home
1,27,Mintah Clinic
1,27,Moshie Zongo Clinic
1,27,Naka and St. Ama Hospital
1,27,New Era Clinic
1,27,New Era Millennium Hospital
1,27,New Life Maternity  Home and Clinic
1,27,New Life Maternity and Clinic
1,27,New Tafo Clinic
1,27,New Town Hospital
1,27,Nkontwima Clinic
1,27,Nyame ye Maternity Home
1,27,Oforikrom Clinic
1,27,Omega Sawmill Clinic
1,27,Our Lady Maternity Home
1,27,Owusuwa Memorial Maternity Maternity 
1,27,Owusuaa Maternity Home
1,27,Paradise Maternity and Clinic
1,27,Paul Sagoe Sawmill Clinic
1,27,Peace and Love Hospital
1,27,Peace Land Clinic
1,27,Pima Clinic
1,27,Poku Transport Hospital
1,27,Police Clinic
1,27,PPAG Clinic
1,27,PPAG Teen's Centre
1,27,Prince of Peace Clinic
1,27,Quality Health Care Ltd.
1,27,Queen of Peace Maternity Home
1,27,Queen Victory Maternity Home
1,27,Queens Hospital
1,27,Rabito Clinic
1,27,Railway Clinic
1,27,Rophi Hospital
1,27,Rophii Hospital
1,27,Rucky Memorial Maternity Clinic
1,27,Russia Clinic
1,27,Safo Adu Hosptal
1,27,Sedom Clinic
1,27,Sepe Dote Clinic
1,27,Sepe-Buokrom Community Clinic
1,27,Shalom Maternity Home
1,27,Siaw Larbi Hospital
1,27,Siloam Hospital
1,27,Sir Gibrine Memorial Clinic
1,27,Sir Gibrinnes Clinic
1,27,Sir Gilbrenes Memorial Health Centre
1,27,SOS Home Clinic
1,27,St. Annes Clinic
1,27,St. Anthony Hospital
1,27,St. Edward Clinic
1,27,St. Helena Maternity Home
1,27,St. John's Clinic
1,27,St. Joseph Clinic
1,27,St. Marku's Hospital
1,27,St. Paul's Clinic
1,27,Stadium Clinic
1,27,Suame Hospital
1,27,Sunkwa Clinic
1,27,Suntreso Government Hospital
1,27,Tafo Government Hospital
1,27,Tafo Nhyiaeso Homeopatic Clinic
1,27,The Word Maternity Home
1,27,Tinkwama Maternity Home
1,27,Trust Care Specialist Hospital
1,27,Turkson Memorial Maternity Home
1,27,Twumasi Memorial Hospital
1,27,VAG Clinic
1,27,Vibro Maternity Home and Clinic
1,27,Victory Clinic and Maternity Home
1,27,Vincent Clinic
1,27,Washie Hospital
1,27,Washington Clinic
1,27,Wesley Cathederal Clinic
1,27,Wilben Dental Clinic
1,27,Wisdom Hospital
1,27,Yeji Medical Clinic
1,27,Yentumi Boitey Memorial Clinic
1,27,Zion Hill Clinic
1,27,Zongo Hill Clinic
1,27,Kumasi Nurses/Midwifery Training School
1,27,Kwadaso Nurses Training College
1,27,Kumasi Ear Nose & Throat
1,27,Kumasi Anasthesia
1,27,Premier Nursing School (General Nursing)
1,27,Asawasi Boakye Dunkwa Hospital
1,27,Effah Hospital
1,27,Moshie Zongo Russia Clinic
1,27,Ashanti Town Clinic
1,27,Asawasi Nyame Ye Maternity Home
1,27,Allen Hospital
1,27,Ghana Legion Clinic
1,27,New Asawasi Clinic
1,27,Bomso Clinic
1,27,Muslim Homeopathic Clinic
1,27,Allen's Clinic
1,27,Ayigya Clinic
1,27,Born Again Homeopathic
1,27,Homeopathic Clinic
1,27,Maud Maternity Home
1,27,Amansie Enterprise Clinic
1,27,John Bitar Company Clinic
1,27,Bosomtwi Clinic
1,27,Atonsu-Agogo Clinic
1,27,Abrepo County Hospital
1,27,West End Clinic
1,27,SDA Hospital
1,27,Prempeh College Clinic
1,27,Patasi Suame Nkwanta Hospital
1,27,Asafo Agyei Hospital
1,27,Magazine Clinic
1,27,Togbe Clinic
1,27,Mary Pomaa Memorial Clinic
1,27,Robert Khock Health Services
1,27,Adiebeba Hospital
1,27,Ahodwo Clinic
1,27,Ahodwo Washie Hospital
1,27,Philip Maternity Home
1,27,Hebrona Hospital
1,27,Agyei Eli Hospital
1,27,Aurora Clinic
1,27,St. Anthony Homeopathic Clinic
1,27,St. Monica Maternity Hme
1,27,Amanfrom Clinic
1,27,Santasi Clinic
1,27,Boampong Hospital
1,27,Asadu Maternity Home
1,27,Living Waters Maternity Home
1,27,Yonkodo Maternity Home
1,27,UEWK Sick Bay
1,27,Restoration Clinic
1,27,Calvary Maternity Home
1,27,Divine Maternity Home
1,27,Kpodo Maternity Home
1,27,Tiwaa Acupuncture
1,27,Tafo Nhyiaeso Bethel Clinic
1,27,St. John's Clinic
1,27,New Birth Maternity Home
1,27,Neuro-Psych Hospital
1,27,Prisons Clinic
1,27,Amakom Clinic
1,27,Methodist Cathederal Church Clinic
1,19,Jesus Care Voluntary Clinic
1,19,Asesewa CHPS
1,19,Dawia CHPS
1,19,Funsua CHPS
1,19,Hamidu CHPS
1,24,Boni Clinic
1,8,Birem Health Centre 
1,6,Calvary Health Service
1,6,Yonso CHPS
1,3,Kwabre District Health Directorate
1,3,Antoa Health Centre
1,3,African Diaspora Clinic & Maternity Home
1,2,Brofoyedru Health Centre
1,2,PACKS Hospital
1,2,Hilltop Hospital
1,25,Offinso District Health Directorate
1,25,Anyinasuso SDA Clinc
1,25,Abofour Health Centre
1,25,Amoawi Community Clinic
1,25,Kwagyekrom CHPS
2,28,Ayomso Rural Clinic
2,28,Fawohoyeden Clinic
2,28,Ayum Forest Clinic
2,28,Agyei Mensah Maternity Home
2,28,MIM Clinic
2,28,District Assembly Maternity Home
2,28,Goaso Hospital
2,28,Dankwa Maternity Home
2,28,Church of Pentecost Clinic
2,28,Ampenkro Health Centre
2,28,Asunafo North District Health Directorate
2,28,Asumura Rural Clinic
2,28,Akrodie Health Centre
2,29,Kukuom Health Centre
2,29,Kwapong Rural Clinic
2,29,Vic Maternity Home
2,29,Sankore Health Centre
2,29,Kokooso  Rural Clinic
2,29,Abuom Rural Clinic
2,29,Asarekrom Rural Clinic
2,30,Acherensua Health Centre
2,30,Dadiesoaba Health Centre
2,30,Sienkyemu Rural Clinic
2,30,Nyameadom Maternity  Home
2,30,Gambia No1 Rural Clinic
2,30,Gyedu Health Center
2,30,Nkasiem Community Clinic
2,30,St.Elizabeth Hospital
2,30,St. Elizabeth Maternity Home
2,30,Esther Nyarko Maternity Home
2,30,Kenyasi Health Centre
2,30,Asutifi District Health Directorate
2,31,Akokoa Health Centre
2,31,Amanteng Health Centre
2,31,Jato Zongo Rural Clinic
2,31,Atebubu RCH/FP Clinic
2,31,Atebubu Government Hospital
2,31,Atebubu-Amanten District Health Directorate
2,32,Christie Maternity Home
2,32,Aggie Maternity Home
2,32,Palm Avenue Maternity Home
2,32,Mpatasei Rural Clinic
2,32,Philomina Maternity Home
2,32,Berekum Nurses/Midwifery Training College
2,32,Angels maternity home
2,32,Koraso Rural Clinic
2,32,Akrofro CHPS
2,32,Emi Maternity Home
2,32,Amomaso Rural Clinic
2,32,Berekum Zongo RCH/FP Clinic
2,32,ABTS Clinic
2,32,Bre Nye Kwa Hospital
2,32,Holy Family Hospital
2,32,Botokrom Rural Clinic
2,32,Jinijini Health Centre
2,32,Berekum District Health Directorate
2,33,Amasu Rural Clinic
2,34,Kyeremasu Rural Clinic
2,33,Kwameasua Presby Clinic
2,33,Aboabo Presby Clinic
2,33,Asikasu Rural Clinic
2,33,Danyami Rural Clinic
2,33,Dormaa Presby Hospital
2,33,Dormaa PHC Project
2,33,Ohenewaa Maternity Home
2,33,Dormaa RCH/FP
2,34,Dormaa Akwamu Health Centre
2,34,Akontanim Rural Clinic
2,33,Kofibadukrom Port Health
2,33,Kojokumikrom Rural Clinic
2,33,K/Dwomokrom Rural Clinic
2,33,Dormaa District Health Directorate
2,33,Kwaben Maternity Home
2,33,Nkrankwanta Health Centre
2,33,Ceci Maternity Home
2,34,Wamfie Health Centre
2,34,Bishop Mathew Gyamfi's Clinic
2,34,Racheal Maternity Home
2,35,Buni Community Clinic
2,35,Asiri Rural Clinic
2,35,Asuokor Rural Clinic
2,35,Goka Health Centre
2,35,Johnsons Rural Clinic
2,35,Sampa District Hospital
2,35,Holy Daniel's Clinic
2,35,Suma Presby Clinic
2,36,Abirikasu Health Centre
2,36,Angel's Maternity Home
2,36,St. Mary's Hospital
2,36,Jejemirija Presby Clinic
2,36,Elizabeth Maternity Home
2,36,Drobo RCH/FP
2,36,Dwenem Rural Clinic
2,36,Baano Rural Clinic
2,36,Vida's Maternity Home
2,36,Gonasua Health Centre
2,36,Zezera Health Centre
2,36,St. Micheal Maternity Home
2,36,Adiokor Rural Clinic
2,36,Adamsu Health Centre
2,36,Bodaa Rural Clinic
2,36,Saviour's Maternity Home
2,36,Asare Rural Clinic
2,35,Jeman North District Health Directorate
2,36,Jaman South District Health Directorate
2,37,Busuama Rural Clinic
2,37,Dawadawa Health Centre
2,37,Kintampo District Hospital
2,37,Annor Asare Clinic
2,37,RCH/FP Clinic
2,37,Glory Prince of  Peace Maternity Home
2,37,Kintampo Eye Clinic
2,37,Kunsu Rural Clinic
2,37,Kintampo North District Health Dirrectorate
2,37,New Longoro Health Centre
2,38,Amoma Rural Clinic
2,38,Anyima Rural Clinic
2,38,Perpetual Health Maternity Home
2,38,Jema Health Centre
2,38,Kintampo South District Health Directorate
2,40,Abease Health Centre
2,40,Parambo Health Centre
2,40,Prang Health Centre
2,40,Bernice Maternity Home
2,40,Mathias Hospital
2,41,Bantama CHPS 
2,41,Bassa Health Centre
2,41,Nyankontre CHPS
2,41,Kojokrom Health Centre
2,41,Kajaji Clinic
2,41,Sunta Clinic
2,41,Sene District Hospital
2,41,Sene District Health Directorate
2,42,Badu Health Centre
2,42,Banda Ahenkro Rural Clinic
2,42,Bui Rural Clinic
2,42,Sabiye Health Centre
2,42,Mamase Rural Clinic
2,42,Hani CHPS 
2,42,Debibi Health Centre
2,42,Tafsiru Maternity Home
2,42,Menji Community Clinic
2,42,Nsawkaw Health Centre
2,42,Brohani CHPS 
2,42,Seikwa Health Centre
2,43,Adrobaa Rural Clinic
2,43,Bomaa Health Centre
2,43,St. John of God Hospital
2,43,Tanoso Rural Clinic
2,43,Yamfo Health Centre
2,44,Trinity Maternity Home
2,44,Bechem Government Hospital
2,44,Derma Health Centre
2,44,Tano South District Health Directorate
2,44,Techimantia Health Centre
2,45,Aworowa Health Centre
2,45,Buoyem Health Centre
2,45,Forikrom Rural Clinic
2,45,Fiaso CHPS 
2,45,Asantaso Rural Clinic
2,45,Techiman Municipal Health Directorate
2,45,Nsuta Health Centre
2,45,Offuman Health Centre
2,45,Tanoso Health Centre
2,45,Techiman Subdistrict Clinic
2,45,Arm's Maternity Home
2,45,Kristo Nti  Maternity Home
2,45,Techiman  Secondary School Clinic
2,45,Alice Maternity Home
2,45,Nkwahia Maternity Home
2,45,Ahamadiya Moslem Hospital
2,45,Opoku Agyeman Hospital
2,45,Station Clinic
2,45,Holy Family Hospital
2,45,Tuobodom Health Centre
2,46,Asuogya RCH/FP
2,46,Wenchi District Health Directorate
2,46,Subinso Health Centre
2,46,Nchiraa Rural Clinic
2,46,RCH Clinic Wenchi
2,46,Wencgi Methodist Hospital
2,46,Ampaabeng Kyeremeh Clinic
2,46,Gov't. Maternity Home
2,46,Nyaase Royal Maternity  Home
2,46,Emil Memorial Hospital
2,43,Tanoso Community Health Nurses Training School
2,30,Biaso CHPS
2,29,Nankete CHPS
2,33,Florence Maternity Home
2,33,EMC Kwaku Any Maternity Home
2,35,Adadiem Rural Clinic
2,35,Mayera Rural Clinic
2,35,Kokoa Rural Clinic
2,39,Rabito Clinic
2,41,Lassi CHPS
2,41,Kwame Danso Hospital
2,47,Techiman Poly. Clinic
2,47,Market Clinic
2,47,Nkwaeso Clinic
2,48,Droboso Clinic
2,32,Christian Eye Centre
2,32,Nkyekyemanu Rural Clinic
2,37,Kintampo Rural Health Training School
2,49,Susec Clinic
2,49,Notre Dame Sch. Clinic
2,49,Ratchlik Clinic
2,49,Atuahenekrom Clinic
2,49,Abesim Eye Clinic
2,49,Fofie Memorial Clinic
2,49,SDA Hospital
2,42,Anyekrom Health Centre
2,42,Nyarko Maternity Home
2,40,Zabrama Health Centre
2,38,Adom Maternity Home
2,38,Apesika Clinic
2,38,Mansie Clinic
2,44,Brosankro Maternity Home
2,36,Psychiatric Clinic
2,32,Mercy Clinic
2,32,Anyinasu CHPS
2,31,Christian Eye Centre
2,28,Bitre CHPS
2,28,Gyasikrom CHPS
2,28,Ahmadiyya Muslim Hospital
2,28,WAM CHPS
2,29,Noberkaw CHPS
2,29,New Saweresu CHPS
2,30,Goamu Koforidua CHPS
2,30,ISOS Clinic
2,30,Blessed Family Maternity Home
2,30,Nkaseim CHPS
2,30,Apenemadi CHPS
2,31,MEM CHPS
2,31,Akomade Clinic
2,31,Adom Maternity Home
2,31,Garadima CHPS
2,31,Kumfia Clinic
2,31,Nyomoase CHPS
2,32,Namasua CHPS
2,32,Tewbabi CHPS
2,32,RCH DHD
2,32,Clean Hands Maternity Home
2,32,Dr Larbi Clinic
2,32,Betco Clinic
2,33,Saviour Clinic
2,33,Twumkrom CHPS
2,33,Gonokrom CHPS
2,33,New Chiraa PHC
2,33,Kwakuanya Methodist Clinic
2,33,Awiakrom Community Clinic
2,34,Kofiboukrom CHPS
2,35,Duadaso Rural Clinic
2,35,Amanfoso CHPS
2,35,Kokosua Rural Clinic
2,36,Atuna CHPS
2,36,Abuokrom CHPS
2,36,Tekese CHPS
2,36,Asempanaye CHPS
2,29,Tanoso Community Health Nurses Training School
2,30,Biaso Rural Clinic
2,29,Nankete CHPS
2,33,Florence Maternity Home
2,33,EMC Kwaku Any Maternity Home
2,35,Adadiem Rural Clinic
2,35,Mayera Health Centre
2,35,Kokoa Rural Clinic
2,35,Suma Community Clinic
2,39,Rabito Clinic
2,41,Lassi CHPS
2,41,Kwame Danso Hospital
2,47,Techiman Poly. Clinic
2,47,Market Clinic
2,47,Nkwaeso Clinic
2,48,Droboso Clinic
2,32,Christian Eye Centre
2,32,Nkyekyemanu Rural Clinic
2,37,Kintampo Rural Health Training School
2,49,Susec Clinic
2,49,Notre Dame Sch. Clinic
2,49,Ratchlik Clinic
2,28,Scanstyle Clinic
2,49,Atuahenekrom Clinic
2,49,Abesim Eye Clinic
2,49,Fofie Memorial Clinic
2,49,SDA Hospital
2,42,Anyekrom Health Centre
2,42,Nyarko Maternity Home
2,40,Zabrama Health Centre
2,38,Adom Maternity Home
2,38,Apesika Clinic
2,38,Mansie Clinic
2,44,Brosankro Maternity Home
2,36,Psychiasdtric Unit
2,36,Eye Clinic
2,32,Mercy Clinic
2,32,Anyinasu Rural Health Clinic
2,31,Christian Eye Centre
3,50,Abura Dunkwa RCH
3,51,Baa Salvation Army Clinic
3,51,Ekukrom CHPS
3,51,Nkodwo Nkojo CHPS
3,52,Our Lady of Grace
3,52,Odoben Health Centre
3,53,Akoti Health Centre
3,53,Cecilia & Sammy Maternity Home
3,54,Jakai Health Centre
3,61,St. Jude Clinic 
3,61,Holy Family Maternity Home
3,61,Connie's Maternity Home
3,61,Justab Clinic
3,61,Margo Maternity Home
3,61,St. Joe's Clinic
3,62,Mercy Wriketts Memorial Clinic
3,62,Christian Eye Centre
3,62,Stovie Medical Centre
3,62,Mrboh Clinic
3,55,Dominase Health Centre
3,55,Anomabo Health Centre
3,55,Biriwa Community Clinic
3,55,Essuehyia Health Centre
3,55,Nanabeng CHPS
3,55,Otuam Health Centre
3,55,St. Jude Blessing Clinic
3,55,Fynba Clinic/Hospital
3,55,Earthly Peace Clinic
3,55,Prince Charles Clinic
3,55,St. Anthony Maternity Home
3,55,Saltpond Government Hospital
3,55,Mankessim RCH/FP
3,55,Mfantseman District Health Directorate
3,55,Gods Gift Maternity Home
3,55,Mercy Maternity & Fistula Women Centre
3,55,Bethel Heamopatic CHPS
3,55,Ebuakwa Community Clinic
3,55,Immuna Clinic
3,55,Kormantse Clinic
3,55,Srafa Kokodo Clinic
3,55,Edumafa CHPS
3,55,Ekrawfol CHPS
3,55,Ekumpoano CHPS
3,55,Eyisam CHPS
3,55,Narkwa CHPS
3,55,Nsanfo CHPS
3,55,Taido CHPS
3,56,Twifo Hemang Health Centre
3,56,Shed CHPS
3,56,Jukwa Health Centre
3,56,Frami Community Clinic
3,56,Twifu-Hemang-Lower Denkyira District Health Directorate
3,56,Praso Hospital
3,56,Wamaso CHPS
3,56,Mokwa Health Centre
3,56,St. Florence Maternity Home
3,56,Twifo Praso Health Assistants Training School
3,56,Topp Clinic
3,56,Pentecost Community Clinic
3,56,Adade Kofi CHPS
3,56,Kayeriku CHPS
3,56,Kotokye CHPS
3,56,Nuamakrom CHPS
3,57,Dunkwa Hospital
3,57,St. Mark Hospital
3,57,Cecilia Maternity Clinic
3,57,Upper Denkyira East District Health Directorate
3,57,Kyekyewere Health Centre
3,57,Oponso Health Centre
3,57,Dunkwa Health Assistants Training School
3,57,Buabin CHPS
3,57,Imbraim CHPS
3,57,Dunkwa RCH
3,57,Sunkwa Clinic
3,57,Zion Clinic
3,57,Agyempomah CHPS
3,57,Asikumah CHPS
3,57,Asmah Camp CHPS
3,58,Ntom CHPS
3,58,S.D.A. Clinic
3,58,Pentecost Health Centre
3,58,St. John Clinic
3,58,Diaso Health Centre
3,58,Subin Health Centre
3,58,Nkwatanan CHPS
3,58,St. Andrews Anglican Clinic
3,58,Amoaman CHPS
3,58,Anhwiawia CHPS
3,58,Denkyira Obuasi CHPS
3,58,Treposo CHPS
3,50,Abakrampa Health Centre
3,50,Nkwantanan CHPS
3,50,Abura-Asebu-Kwamankese District Health Directorate
3,50,Obohen CHPS
3,50,Kwamankese CHPS
3,50,Abura Dunkwa Hospital 
3,50,Gyabankrom CHPS
3,50,Ayeldu CHPS
3,50,Asomdwee CHPS
3,50,Asuansi Rural Clinic
3,50,Asomdwee Clinic
3,50,Moree Health Centre
3,50,Putubiw CHPS
3,50,Amosima CHPS
3,50,Asebu CHPS
3,50,Asuansi CHPS
3,50,Nyanfeku CHPS
3,59,Asafo Health Centre
3,59,Kwanyako Health Centre
3,59,Salvation Army Clinic
3,59,Mankrong Health Centre
3,59,Agona Nsaba Health Centre
3,59,El-Shaddai Maternity Home
3,59,Jonof Maternity Home
3,59,Agona District Health Directorate
3,59,Mensakrom Clinic
3,59,Kenyako CHPS
3,59,Ofoase CHPS
3,59,Otwekwa CHPS
3,59,Tawora CHPS
3,60,Nkum Health Centre
3,60,Bobikuma Health Centre
3,60,Nyakrom Health Centre
3,60,Agona Swedru Govermnt Hospital
3,60,Baiden Memoral Clinic
3,60,Abodom Health Centre
3,60,Ahmadiyya Muslim Hospital.
3,60,Glaco Maternity Home
3,60,Agona Municipal Health Directorate
3,60,Abigyakwa CHPS
3,60,Dergewa Maternity Home
3,60,Swedru RCH
3,60,Swedru STI Clinic
3,60,Nsuasa CHPS
3,60,Nyamendam CHPS
3,60,Otsenkorang CHPS
3,51,Ajumako Hospital
3,51,Ann's Maternity Home
3,51,Ajumako-Enyan-Essiam District Health Directorate
3,51,Bisease Health Centre
3,51,Enyan Abaasa Health Centre
3,51,Kwanyako Community Clinic
3,51,Sunkwa Community Clinic
3,51,Zion Clinic
3,51,Enyan-Maim Community Clinic
3,51,Nkwantanum Health Centre
3,51,Abaasa Health Centre
3,51,Ajumako RCH
3,51,Ahomakormbua CHPS
3,51,Ayinasu CHPS
3,51,Ekwamase CHPS
3,51,Kromaim CHPS
3,51,Mando CHPS
3,51,Obontsir CHPS
3,51,Yeboah CHPS
3,52,Anhwiam CHPS
3,52,Asikuma RCH
3,52,Bedum CHPS
3,52,Asikuma-Odoben-Brakwa District Health Directorate
3,52,Brakwa Health Centre
3,52,Amanfopong CHPS
3,52,Ocran Maternity Home
3,52,Ayipey CHPS
3,52,Jamra CHPS
3,52,Nankese CHPS
3,52,Sowotuom CHPS
3,53,Bereku Health Centre
3,53,Kushea Health Centre
3,53,Rex Maternity Home
3,53,Ebenezer Clinic & Matenity Home .
3,53,St. Francis Xavier Hospital
3,53,Bediadua Health Centre
3,53,Assin North District Health Directorate
3,53,Assin Praso Health Centre
3,53,Akropong Odumase CHPS
3,53,Awisem CHPS
3,53,Endwa CHPS
3,54,Assin Manso Health Centre
3,54,Ongwa Health Centre
3,54,Assin South District Health Directorate
3,54,Nyankumasi Ahenkro Health Centre
3,54,Nsuta Presby Clinic
3,54,Anyinabrim Health Centre
3,54,Aboabo CHPS
3,54,Amoabeng CHPS
3,54,Ochiso CHPS
3,61,Fausty's Maternity Home
3,61,Bontrase Health Centre
3,61,Awutu Health Centre
3,61,Humble Home Clinic
3,61,Bawjiase Health Centre
3,61,Kasoa Health Centre
3,61,Central Kasoa Clinic
3,61,Senya Bereku Health Centre
3,61,Chirsty's Maternity Home
3,61,Marfred Maternity Home
3,61,Mighty Crag Marternity Home
3,61,Wesely Maternity Home
3,61,Thinking Clinic
3,61,Adawukwa CHPS
3,61,Ahentia CHPS
3,61, Akrabon CHPS 
3,61,Mayenda CHPS
3,61,Ofaakor CHPS
3,61,Ofadaa CHPS
3,61,Okwampa CHPS
3,61,Opeikuma CHPS
3,61,Papaase CHPS
3,61,Tawiakwa CHPS
3,62,PPAG Youth Friendly
3,62,Police Clinic
3,62,Central Regional Hospital
3,62,Baiden Ghartey Memorial Hospital
3,62,St. John's Clinic/Maternity Home
3,62,Anaisiwa Memorial Clinic
3,62,Bishop Ackon Memorial Christian Eye Centre
3,62,Abura Clinic
3,62,Adisadel Urban Health Centre
3,62,U.C.C Hospital
3,62,Regional Health Directorate
3,62,Cape Coast Metropolitan Hospital
3,62,Cape Coast Nurses & Midwife Training School
3,62,Efutu Rural Clinic
3,62,Ekon CHPS
3,62,Tantri Clinic
3,62,The Saint Maternity Home
3,62,Ewim Urban Health Centre
3,62,Cape Coast RCH
3,62,Cape Coast Metropolitan Health Directorate
3,62,Aged Clinic
3,62,Micro Clinic
3,62,Brimsu CHPS
3,62,Brofoyedu CHPS
3,62,Nkanfoa CHPS
3,63,Winneba RCH
3,63,Otoo Memorial Hospital
3,63,Baptist Hospital
3,63,Klimovic Memorial Hospital
3,63,Winneba Government Hospital
3,63,Bethel Maternity Home
3,63,Efutu District Health Directorate
3,63,Winneba Community Health Nurses Training School
3,63,Ansaful Health Centre
3,63,Winniba Health Centre
3,63,Winniba Municipal Health Directorate
3,63,University Clinic
3,63,Gyangyanadze CHPS
3,64,Buduatta Health Centre
3,64,Nadom Maternity Home
3,64,Nyanyano Clinic
3,64,Obuasi Clinic
3,64,Buduburam Clinic
3,64,Ojobi Community Clinic
3,64,Andrew Browning Clinic
3,64,Fetteh CHPS
3,64,Okyerko Clinic
3,64,Wansima Memorial CHPS
3,64,Potsin Clinic
3,64,St. Gregory Catholic Clinic
3,64,Margo Maternity Home
3,64,Abasa CHPS
3,64,Dasum CHPS
3,64,Ekwemkrom CHPS
3,65,Godfry Memorial Clinic
3,65,Apam RCH
3,65,Apam District Health Directorate 
3,65,Ngyiresi CHPS
3,65,Oguaa Health Centre
3,65,Noguchi Clinic
3,65,Apam Catholic Hospital
3,65,Mankoadze Clinic
3,65,Dago Health Centre
3,65,Osedze Health Centre
3,65,Assin CPHS 
3,65,Brofo CHPS
3,65,Eshiem CHPS
3,65,Fomena CHPS
3,65,Sampa CHPS
3,65,Tarkwa CHPS
3,66,Abrem Agona Health Centre
3,66,Atonkwa CHPS
3,66,Ankaful Psychiatric Hospital
3,66,Ankaful Leprosy/General Hospital
3,66,Paa Wartemberg Memorial Maternity Home
3,66,Komenda-Edina-Eguafo-Abirem District Health Directorate
3,66,Ankaful Nurses Training College
3,66,Nyame Te Ase Maternity Home
3,66,Aburansa CHPS
3,66,Elmina Urban Health Centre
3,66,Kissi Health Centre
3,66,Ankaful RCH
3,66,Benyadze CHPS
3,66,Antseamboa CHPS
3,66,Komenda Health Centre
3,66,Good Sheperd Maternity Home
3,66,Bando Han-Medical Centre
3,66,Abeyee CHPS
3,66,Berase CHPS
3,66,S.A.P CHPS
4,67,Amankwah RCH
4,67,Samanhyia CHPS
4,67,Memchemfre CHPS
4,67,Donkorkrom Presby Hospital
4,67,Ekye Health Centre
4,67,Kwasi Fante Health Centre
4,67,Maame Krobo CHPS
4,67,Tease Health Centre
4,67,Fofori Community Clinic
4,68,Abiriw Clinic
4,68,Kwamoso RCH
4,68,The Voice Maternity Clinic
4,68,Adawso Health Centre
4,68,Nyarkoa Memorial Maternity Home
4,68,Semehyia Maternity Home
4,68,Tadankro CHPS
4,68,Adukrom Health Centre
4,68,Akropong Health Centre
4,68,Aseseso RCH
4,68,Obosomase RCH
4,68,Larteh Health Centre
4,68,Private Maternity Home
4,68,School Of Death Mampong
4,68,Reprocare RCH
4,68,Tetteh Quarshie Memorial Hospital
4,68,Plant Medicine (CSRPM)
4,68,Mangoase RCH
4,68,Mangoase Health Centre
4,68,Twum Guaso CHPS 
4,68,Amanfro RCH
4,68,Nanabanyin CHPS
4,68,Okrakwadwo Health Centre
4,69,Kitase RCH
4,69,Brekuso RCH
4,69,Kom Clinic
4,69,Adoagire Hospital
4,69,Newlife Hospital
4,69,Adoagire Zongo RCH
4,69,Obothebire CHPS
4,69,Djankrom RCH
4,69,Emelia Maternity Home
4,69,Complex Hospital
4,69,Nsawam Hospital
4,69,Nsawam RCH
4,69,Nsawam Dobre Blue Sky Clinic
4,69,Banner Hill Clinic
4,69,Pakro Health Centre
4,69,Notre Dame Clinic
4,69,Pokrom RCH
4,70,Kodikofe CHPS
4,70,Adjena Health Centre
4,70,Gyakiti RCH
4,70,Naabs Memorial Clinic
4,70,VRA Hospital
4,70,Akwamufie Health Centre
4,70,Frankadua RCH
4,70,Apeguso RCH
4,70,Asikuma Midwife Clinic
4,70,Atimpoku RCH
4,70,Senchi Fery RCH
4,70,New Senchi RCH
4,70,South Senchi RCH
4,70,Hedwigs Maternity Home
4,70,Boso Health Centre
4,70,Salvation Army Clinic
4,71,Abomosu Health Centre
4,71,Asunafo Adom Wo Wim Clinic
4,71,Anyinam Health Centre
4,71,Aggies Maternity Home
4,71,St. Thomas Clinic
4,71,Enyiresi Hospital
4,71,Sekyere St. Monica Clinic
4,71,Kadewaso RCH
4,71,Akrofufu RCH
4,71,Awenare RCH
4,71,Kwabeng RCH
4,71,New Jejeti RCH
4,72,Obiri Yeboah Memorial Clinic
4,72,Pankese CHPS
4,72,Tweapeasi RCH
4,72,Akoasi RCH
4,72,Dr. Yeboah Clinic
4,72,Nyafoman RCH
4,72,Amoana Paroso Community Clinic
4,72,Mukyia CHPS
4,72,Adwafo CHPS
4,72,Otwereso RCH
4,72,Gyaha Community Clinic
4,72,Anyinase Health Centre
4,72,Adubease CHPS
4,72,Ayirebi Health Centre
4,72,Adjobue CHPS
4,72,Akokooso RCH
4,72,Ofoase St. John's Clinic
4,72,Holy Horniel Maternity Home
4,72,Brenase Health Centre
4,72,Nkwateng CHPS
4,72,Adausena CHPS
4,72,Okaikrom Community Clinic
4,72,Afosu RCH
4,72,Ntronang St. Michael's Clinic
4,72,New Abirem Hospital
4,72,Okoasi Maternity Home
4,73,Achiase Health Centre
4,73,Owusu Memorial Clinic
4,73,Akotekrom CHPS
4,73,Kyeremase RCH
4,73,St. Theresa Clinic
4,73,God Lives Clinic
4,73,Akroso Health Centre
4,73,Ehyiam RCH
4,73,Emmanuel Maternity Home
4,73,Anamase RCH
4,73,Akenkenso Community Clinic
4,73,Aprade Health Centre
4,73,Asene RCH
4,73,Essam CHPS
4,73,Ntoaboase Maternity Home
4,73,Manso CHPS
4,73,Manso RCH
4,73,Atiankama Nkwanta RCH
4,73,Oda Nkwanta CHPS
4,73,Old Town RCH
4,73,STI Clinic
4,73,Oda RCH
4,73,Akim Oda Hospital
4,73,Oda Paulina Maternity Home
4,73,Oda Psychiatric Unit
4,73,Mawuli Maternity Home
4,73,Apoli CHPS
4,73,Catholic Clinic & Maternity Home
4,74,Apedwa Health Centre
4,74,Asafo Health Centre
4,74,SOS Clinic
4,74,Asiakwa Health Centre
4,74,Nightingale Maternity Home
4,74,Bonsu Health Centre
4,74,Apapam CHPS
4,74,Kibi RCH
4,74,Kwasi Komfo CHPS
4,74,Amanfrom CHPS
4,74,Kyebi Governmentt Hospital
4,74,Bomponso CHPS
4,74,Reliance Maternity Home
4,74,Willie Kings Maternity Home
4,74,Crig Clinic
4,74,Kukuruantumi RCH
4,74,Tafo RCH
4,74,Sacred Heart Clinic
4,74,Tafo Governmentt Hospital
4,75,Aboso RCH
4,75,Ahodwahomasu RCH
4,75,Begoro RCH
4,75,Salvation Army Clinic
4,75,Nkankama CHPS
4,75,Begoro Hospital
4,75,Rehabilitation Begoro
4,75,Ehiamenkyene CHPS
4,75,Bosuso Health Centre
4,75,Dedeso RCH
4,75,Hemang RCH
4,75,Osino Health Centre
4,75,Dwenease CHPS
4,76,GCD Hospital
4,76,St. Dominic Hospital
4,76,Topremang CHPS
4,76,Asuom Health Centre
4,76,Abamm RCH
4,76,Bomso RCH
4,76,Larbikrom CHPS
4,76,Boadua CHPS
4,76,Dwenase RCH
4,76,Kade Hospital
4,76,Subimann Clinic
4,76,Okumaning CHPS
4,76,University Clinic
4,76,Okyenso CHPS
4,76,Otumi RCH
4,76,GOPDC Clinic
4,76,Pramkese Health Centre
4,76,Takrowase Health Centre
4,76,Salvation Army Clinic
4,76,Yehowa Behwe Maternity Home
4,76,Takyiman RCH
4,76,Takyiman Community Clinic
4,77,Abetifi Presby Health Centre
4,77,Nkwatia Health Centre
4,77,Abetifi Nkwanta Clinic
4,77,Aduamoah Community Clinic
4,77,Sabs Hospital
4,77,Atibie Midwifery Training School/Health Assistants Training School
4,77,Hweehwee Maternity Home
4,77,Atuobikrom CHPS
4,77,Awueregya CHPS
4,77,Fodoa Clinic
4,77,Praso Health Centre
4,77,Ankoma RCH
4,77,Miaso Maternity Home
4,77,Bepong Community Clinic
4,77,Oframanso Maternity Home
4,77,Asakraka RCH
4,77,Kwawu Tafo RCH
4,77,St. Joseph Maternity Home
4,77,Bepong Community Clinic
4,77,Obomeng Community Clinic
4,77,Obo Health Centre
4,77,Atibie Government Hospital
4,77,Nkyenekyene Health Centre
4,77,Pepease Health Centre
4,77,Onyame Adom Maternity Home
4,77,Onyemso CHPS
4,78,St. Lukes Clinic
4,78,Asuboni Maternity Home
4,78,Kwahu Jejeti Community Clinic
4,78,Asubone RCH
4,78,Danteng RCH
4,78,Kamedek Medical Centre
4,78,Holy Family Hospital
4,78,Nkawkaw Nurses Training College
4,78,Haifa Clinic
4,78,Nkawkaw RCH
4,78,Angels Maternity Home
4,78,Nkawkaw Asuboni Maternity Home
4,78,Agyakwa Hospital
4,78,Nkawkaw PHC
4,78,Nya Akoma Maternity Home
4,79,VRA Clinic
4,79,Naabs Clinic
4,79,Akuse Government Hospital
4,79,Anyaboni RCH
4,79,Maryend Maternity Home
4,79,Akateng RCH
4,79,Asesewa Hospital
4,79,Dora Maternity Home
4,79,Kpong RCH
4,79,Agormanya Clinic
4,79,St Martins Hospital
4,79,Obopa Clinic
4,79,Odumasi RCH
4,79,The Rock Clinic
4,79,Lydia Maternity Home
4,79,Odumase Clinic
4,79,Atua Government Hospital
4,79,New Life Maternity Home
4,79,Otrokper RCH
4,79,Djamam RCH
4,79,Sekesua Clinic
4,80,Adweso Clinic
4,80,Polytechnic Clinic
4,80,Odum Clinic
4,80,Police Clinic
4,80,Koforidua Nurses Training College
4,80,Akwadum RCH
4,80,Densuoano Clinic
4,80,Effiduasi RCH
4,80,Asokore RCH
4,80,Nightangle Maternity Home
4,80,Bonna Clinic
4,80,Eunice Memorial Clinic
4,80,Oman Clinic
4,80,Rabito Clinic
4,80,Eureka Maternity Home
4,80,St Josephs Hospital
4,80, Koforidua Regional Hospital
4,80,Koforidua Midwifery Training School
4,80,Regional Health Directorate
4,80,Koforidua RCH
4,80,Dr Tete Kwatia Clinic
4,80,Dr Asomani Clinic
4,80,Medical Village RCH
4,80,Agavenya CHPS
4,80,Old Estate RCH
4,80,Pats Maternity Home
4,80,Jumapo RCH
4,80,Jumapo Health Centre
4,80,Oyoko Health Centre
4,80,New Zongo Community Clinic
4,80,Magazine CHPS
4,81,Akorabo RCH
4,81,Akyeansa RCH
4,81,Anumapapam RCH
4,81,Kofipare RCH
4,81,Asuboi Health Centre
4,81,Aggies Maternity Home
4,81,Coaltar RCH
4,81,Dokrochiwa Health Centre
4,81,Marfo RCH
4,81,Obomofodensua CHPS
4,81,Nankese RCH
4,81,Oforikrom State Clinic
4,81,Ntunkum RCH
4,81,Fidas Memorial Clinic
4,81,Suhum Government Hospital
4,81,Suhum RCH
4,82,Abamkrom RCH
4,82,Akim Bremang CHPS
4,82,Edith Maternity Home
4,82,End Well Clinic
4,82,Adeiso Health Centre
4,82,Tetenat Homeopathic Clinic
4,82,Asamankese Government Hospital
4,82,St. Lukes Medical Clinic
4,82,St. Patrick Clinic
4,82,St. Anthong Clinic
4,82,Asuokwa Homeopathic Clinic
4,82,Health For All Herbal Clinic
4,82,Brekumanso Health Centre
4,82,Mepom RCH
4,82,Asikasu CHPS
4,82,Osenase Health Centre
4,82,Vision View Herbal Clinic
4,83,Agogo Health Centre
4,83,Opersika CHPS
4,83,Boti RCH
4,83,Huhunya RCH
4,83,Bethel Maternity Home
4,83,Nsutapong CHPS
4,83,Obawale RCH
4,83,Winners Clinic
4,83,Bishop Evangelical Community Clinic
4,83,Nkurakan RCH
4,83,Bukunor Comm Clinic
4,83,Otorkpolu RCH
4,83,El-Shaddai Maternity Home
4,83,Unity Maternity Home
4,83,Sra RCH
4,83,Somanya Clinic
4,83,New Life Clinic
4,67,Donkokrom RCH
4,67,Ntonaboma CHPS
4,67,Island CHPS
4,67,Bruben CHPS
4,67,Ekye Island CHPS
4,75,His Grace Maternity Home
4,84,Sisiamang Yiti CHPS
4,84,Daales Maternity Home
4,70,Old Akrade CHPS
4,70,Tortibo CHPS
4,70,Ayensu CHPS
4,70,Osiabura CHPS
4,70,Dodi Asantekrom CHPS
4,70,New Dodi CHPS
4,70,Sappor CHPS
4,70,Sedom CHPS
4,72,Comfort Maternity Home
4,72,Abenase CHPS
4,85,No.4 CHPS
4,85,Kusi CHPS
4,85,Kwatanang CHPS
4,85,St Micheal RCH
4,85,Soabe CHPS
4,85,Abenaso CHPS
4,85,Kwamang CHPS
4,85,Kwae CHPS
4,85,Abompe CHPS
4,85,James Town CHPS 
4,85,Anweam CHPS
4,83,Wurapong CHPS
4,83,Akpamu CHPS
4,83,Ahinkwa CHPS
4,83,Aboabo RCH
4,83,Ponponya CHPS
4,83,Obenyemi CHPS
4,83,Somanya RCH
4,86,Asikasu CHPS
4,86,Kentenkye CHPS
4,86,Asiedu Memorial Clinic
4,86,Koforidua Clinic
4,86,Debrakrom CHPS
4,86,Social Welfare CHPS
4,86,Nyamekrom CHPS
4,86,Abotanso CHPS
4,86,Ohema Park CHPS
4,86,SDA Clinic
4,86,Betom CHPS
4,86,Atekyem CPS
4,81,Koransang CHPS
4,81,Kukua CHPS
4,81,Mfranta CHPS
4,81,Teachermante CHPS
4,81,Doudukrom CHPS
4,81,Otoase  CHPS
4,81,Bepoase CHPS
4,81,Akote CHPS
4,81,Aponoapono CHPS
4,81,Godziase CHPS
4,81,Obretema CHPS
4,77,Kwahu Praso Presby Health Centre
4,77,Atibie RCH
4,77,Comfort Maternity Home
4,77,Amanfrom RCH
4,73,Akim Oda Community Health Nurses Training School
5,87,Arakan Maternity Home
5,87,Arakan Medical Centre
5,87,37 Military Hospital
5,87,Ablekuma Sub Metro Health Directorate
5,87,Abodwe Clinic (Star of the sea clinic)
5,88,Abokobi Health Centre
5,87,Abora Clinic
5,91,Abotare Clinic (Alternative Medical Centre)
5,87,Accra Metro Health Directorate
5,87,Accra Psychiatric Hospital
5,87,Acheampong Memorial Clinic
5,88,Achimota Hospital
5,89,Ada Health Centre
5,87,Adabraka Polyclinic
5,87,Adehye Clinic
5,91,Adenta Clinic
5,87,Adjabeng Leprosy Clinic
5,92,Advent Clinic
5,87,Adwoa Boatema Memorial Clinic
5,91,Afenyo Memorial Hospital
5,90,Afienya Community Clinic
5,90,Agomeda Community Clinic
5,87,Airport Clinic Ltd
5,87,Akai House Clinic
5,87,Akai House Clinic
5,88,Akyama Clinic
5,87,Alajo Clinic
5,87,Al-ayar Clinic & Maternity Home
5,91,Alberto Clinic
5,87,Alfred Memorial Clinic
5,91,Alpha Dental Clinic
5,88,Alpha Medical centre
5,91,Amaganaa Clinic
5,87,Amanda Maternity Home & Clinic (formerly Abaya Clinic & Maternity Home)
5,88,Amasaman Health Centre
5,87,Amazing Grace Clinic
5,92,Amoah Memorial Hospital
5,92,Ananda Marga Primary Health Clinic
5,92,Aneeja Clinic
5,89,Anyamam Clinic
5,87,Apaak Traditional Clinic
5,91,Apenyo Memorial Hospital
5,87,Apex Medical Centre
5,87,Asamoah Clinic
5,87,Asare Odei Hospital
5,91,Ashaiman Health Centre
5,91,Ashalebotwe Community Clinic
5,91,Ashiyie Community Clinic
5,87,Asomdwehene Maternity Home
5,87,Asylum Down Dental Clinic (near Abora Clinic)
5,87,Atta Quarshie Morton Memorial Hospital
5,87,Aviation Road Clinic
5,87,Ayawaso Sub Metro Health Directorate
5,87,Baeta Clinic
5,87,Bank of Ghana Clinic
5,87,Bart-Plange Memorial Clinic
5,87,Beach Community Clinic (Ga Mantse Community Clinic)
5,87,Beijing Chinese Clinic
5,91,Bengali Hospital
5,87,Bennette Memorial Clinic
5,88,Bennette Memorial Clinic
5,92,Bessie Memorial Health centre
5,91,Bethel Hospital
5,87,Biomedical Department
5,91,Bon Ami Eye Clinic
5,89,Bornikope Health Centre
5,87,Bostal Clinic
5,92,Brazza Maternity Home & Clinic
5,91,B's Maternity Home
5,91,Bukom Ellphkwei Hospital
5,87,Castle Drive Clinic
5,87,Cathedral Clinic & Laboratory
5,87,Cedar Clinic
5,87,Central Achimota Clinic
5,91,Central Clinic
5,87,Clecom Memorial Specialist Hospital
5,87,Club Road Clinic
5,87,Beth's Clinic
5,91,Caiquo Hospital
5,91,Calvary Cross Clinic
5,87,Central Dansoman Clinic
5,87,Central Medical Lab
5,87,Christ The King Mat Home & Clinic
5,87,Christian Medical Centre
5,87,Cocoa Clinic
5,87,Community clinic
5,91,Binney Medical Centre
5,87,Blessings Clinic
5,92,CDH Weija Clinic
5,91,Crystal Eye Clinic
5,91,Cocoa Processing Clinic
5,87,Community Clinic
5,87,Community Clinic & Maternity Home
5,91,Crocodile Matchette Clinic
5,88,Danfa Health Centre
5,89,Dangme East District Health Directorate
5,89,Dangme East District Hospital
5,90,Dangme West District Health Directorate
5,87,Dansoman Health Centre
5,91,Darben Clinic
5,90,Dawhenya  Clinic
5,91,Dede Oforiwaa Tetteh Clinic
5,87,Delta Clinic (Korle-bu behind mobil filing station)
5,91,Dental Care Clinic
5,91,Dental Clinic
5,87,Derban Clinic
5,92,Deseret Hospital
5,87,Dr Eustace Akwei Memorial Clinic
5,87,Dua Clinic & Lab
5,87,Duala Medical Centre
5,87,East Legon Clinic
5,87,Eden Specialist Hospital
5,92,Ediths Maternity Home
5,87,Efan Victory Clinic
5,91,Einen Medical Centre
5,87,El-Rapha Clinic
5,92,Eme's Maternity Home & Clinic
5,87,Emmanuel Eye Clinic
5,87,Emmanuel Maternity Home & Clinic
5,87,Esidem Medical Centre
5,91,Estate Clinic & Lab
5,91,Estate Medical Centre
5,87,Eye Gye Nyame Clinic
5,87,Fahd Al-Marzouq Clinic
5,87,Fair Lady Clinic
5,87,Faith Evangelical Hospital
5,91,Faith Medical Centre
5,87,Family Health Hospital
5,92,Fausty Maternity Home
5,87,Felidan Maternity Home
5,91,Fiden Medical Centre (Formerly Eillen's Maternity Home)
5,90,Dodowa Health Centre
5,88,Doku Memorial Clinic
5,92,Dome Sampah-mang CHPS
5,90,Ebenezer Clinic
5,87,Egon German Clinic
5,87,El Shadai Mat Home & Clinic
5,87,Emmanuel Clinic (ENT Specialist)
5,91,Esther Memorial Maternity Home & Clinic
5,87,Faith Medical Centre
5,87,Fire Medical Centre (Old site)
5,87,Fralena Health Centre
5,88,Fransko Maternity Home (same as Francisca Maternity Home)
5,88,Ga East District Health Directorate
5,92,Ga West District Health Directorate
5,91,GAFCO Clinic
5,87,Gak Clinic
5,92,Gbawe Clinic & Maternity Home
5,91,Ghacem Clinic
5,88,Ghana Atomic Energy Commission Clinic
5,87,Ghana Police Clinic
5,87,Regional Health Directorate
5,87,Regional Health Directorate (new site)
5,87,Gimpa Clinic
5,88,Global Medical Centre
5,91,Gloria Family Health Centre
5,87,Gloria's Maternity Home
5,92,God Cares Clinic & Maternity 
5,90,Godia Clinic
5,87,Golden Sourveinier Clinic
5,87,Goodwill Maternity Home
5,91,GPHA Main Clinic
5,91,Grace & Peace Clinic & Maternity Home
5,87,Grace Baah Memorial Clinic
5,90,Grace Maternity Home
5,87,Grace Maternity Home & Clinic
5,87,Grasam Clinic
5,88,Greater Grace Hospital
5,87,Green Hand Clinic
5,91,GTP Clinic
5,87,Hajj Abdulai Yaro's Memorial Clinic
5,87,Hams Clinic
5,87,Hannah Larbie's Maternity Home
5,88,Harmony Clinic
5,91,Health Loop Clinic
5,87,Hebron Maternity & Clinic
5,87,Henrietta Clinic & Maternity Home
5,87,Highway Dental Clinic
5,87,Hobats Clinic
5,87,Holy Cross Clinic & Maternity Home
5,87,Holy Height Clinic
5,87,Holy Trinity Medical Centre
5,87,International Health Care Centre
5,87,Iran Clinic
5,87,James Camp Borstral Clinic
5,87,James Fort Prison's Clinic 
5,87,James Town Maternity Home
5,87,Jesus Saves Clinic
5,91,Jireh Eye Clinic
5,87,Johpat Hospital
5,91,Kpone Health Centre
5,87,Jordan's Maternity Home 
5,92,Joy Family Clinic
5,91,Jubail Specialist Hospital
5,87,Juliana Aku Clegg Maternity home
5,87,Kaneshie Market Clinic
5,87,Kaneshie Polyclinic
5,87,Kaneshie School Clinic
5,87,Karikari Brobbey Hospital
5,89,Kasseh Health Centre
5,87,Keep Smiling clinic
5,87,King David Hospital
5,88,Kokrobite CHPS
5,92,Kokrobite Community Clinic
5,87,Korle-Bu Polyclinic
5,87,Korle-Bu Teaching Hospital
5,88,Korle-Gonno Polyclinic
5,87,Kpeshie Sub Metro Health Directorate
5,87,Kumorji Hospital
5,87,La General Hospital
5,87,Labadi Road Dental Clinic
5,87,Lagoon Clinic
5,91,Lagoon Clinic
5,87,Lagoon Clinic & Maternity home
5,87,Lakeside Clinic
5,87,Lapaz Community Clinic
5,87,Laura's Maternity Home & Clinic 
5,91,Leister Medical Centre
5,87,Link Road Hospital
5,91,Lube Oil Clinic
5,87,Maamobi Polyclinic
5,87,Mega Care Clinic (Annex)
5,87,Liha Medical Clinic
5,87,Maabs Dental Clinic
5,87,Megavest Medical Centre
5,91,Lebanon Clinic
5,87,Lession Clinic
5,87,Limb Fitting Centre
5,87,Mab Medicare Centre
5,88,Madina RCH Clinic (near Market)
5,87,Larkai Medical Centre
5,87,Life Line Clinic
5,87,Living Clinic & Laboratory
5,92,Lizzie Matternity Home & Clinic
5,88,Madina Central Clinic
5,87,Makola Government Clinic
5,87,Makola Plaza Clinic
5,87,Mallam Atta Market Clinic
5,92,Mallam Demonstration Clinic
5,87,Mamprobi Polyclinic
5,92,Mamprobi School Dental Clinic
5,91,Manko Clinic
5,87,Manna Mission Hospital
5,92,Margo Maternity Home
5,87,Martin Memorial Hospital
5,92,Mary's Clinic
5,87,May Day Clinic
5,87,May Day Clinic
5,87,May Fair Clinic
5,87,May's Ear Nose & Throat clinic
5,87,Medifem Hospital
5,92,Mega Care Clinic
5,87,Mercedarian Clinic
5,87,Midway Clinic Ltd
5,87,Korle-Bu Midwifery Training School 
5,88,Mighty Clinic
5,88,Modern Atomic Clinic
5,88,Mother Love Health Care Cantre
5,87,Mother's Pride Clinic & Maternity Home
5,87,Motorway Clinic
5,87,Mt Sinai Clinic
5,87,N M's Dental Clinic
5,87,Mercy Clinic
5,87,Mercy Maternity Home & Clinic
5,91,Meridian Clinic
5,87,Mission Clinic
5,91,Narh Bita Hospital
5,91,Dziram Eye Clinic
5,91,Greehouse Clinic and Diagnostic Centre
5,91,Narh Bita Nursing Training School
5,92,Nashwell Clinic
5,87,National Cold Room
5,87,Nelleville Clinic
5,91,Nelmax Clinic
5,91,Nestle Clinic
5,87,New Achimota Clinic
5,87,New Cross Clinic
5,91,New Crystal Clinic
5,91,New Crystal Clinic
5,91,New Edem Maternity Home
5,87,New Town Clinic
5,87,New Town School Dental Clinic
5,87,New World Dental Clinic
5,92,Ngleshie Amanfro Community Health Centre
5,87,Nightingale Clinic
5,87,Nima Government Clinic
5,87,Nima Highway Specialist Clinic
5,87,North Kaneshie Maternity Home
5,92,North Kwashieman Clinic
5,88,North Legon Hospital
5,87,North Ridge Clinic
5,87,North Teshie Clinic & Maternity Home
5,91,Nostra Clinic
5,92,Nsakina CHPS
5,87,Nungua Community Clinic
5,87,Korle-Bu Nurses Training College 
5,87,Nyaho Medical Centre
5,87,Nima Clinic
5,90,Nyigbenya Clinic
5,91,Odonkor Clinic
5,87,Odorna Clinic
5,91,Okanta Memorial Clinic
5,87,Oman Clinic
5,91,Omari Clinic
5,87,Omni Health Care
5,87,Opoku Ware Clinic
5,87,Osu Government Maternity Home
5,90,Osudoku Health Centre
5,92,Osuwem Community Based Clinic (New site)
5,87,Owusu Medical Centre
5,91,Port Health
5,91,Port Medical Centre
5,91,Port Dental Clinic
5,91,Nyamebetyere Maternity Home
5,87,Opec Clinic (Teshie Health Centre) 
5,87,Nyameadom Maternity Clinic
5,92,Obom Health Centre
5,92,Oduman Health Centre
5,87,Okai Koi Sub Metro Health Directorate
5,90,Old Ningo Health Centre (Present site)
5,90,Old Ningo Health Centre (New site)
5,90,Osuwem Community Based Clinic (Old site)
5,91,Oyibi Health Centre
5,91,Oyoko Clinic
5,88,Pantang Hospital
5,88,Pantang Nurses Training College
5,87,Parliament Clinic
5,87,Peace Clinic
5,89,Pediator Kope Health Centre
5,87,Peoga Maternity Home
5,87,PML Hospital
5,87,Police Hospital
5,87,PPAG Clinic
5,90,PPAG Dodowa
5,90,Prampram Health Centre
5,91,Prilway Specialist Clinic & Labolatory
5,87,Prince of Peace Maternity Home & Clinic
5,87,Queen's Medical Centre
5,91,St Peter's Clinic
5,87,Sunrise Clinic
5,87,Tooth Home Clinic
5,91,St Minas Clinic
5,88,Taifa Medical Centre
5,87,Purswani Memorial Clinic
5,91,RCI Mission Clinic
5,87,St Louis Memorial Clinic
5,91,Tema Naval Base Clinic
5,91,Universal Bethesda Clinic
5,87,Korle-Bu School of Hygiene
5,91,St Florence Clinic
5,91,St Mary's Maternity Home
5,87,Ussher Polyclinic
5,91,Provita Specialist Hospital
5,87,Rabito Clinic
5,91,Rabito Clinic
5,91,Raphel Clinic (Old site)
5,91,Raphel Clinc (New Site)
5,91,Raphel Medical Centre
5,91,RCI Mission Clinic
5,92,Redeemer's Mission Clinic
5,87,Rehoboth Maternity Home (formerly Mother Mary Maternity Home)
5,87,Richmond Clinic
5,87,Ridge Hospital
5,91,Robert Martin Memorial Clinic
5,87,Rose Clinic
5,87,Rosina Memorial Clinic
5,91,Sab Dental Clinic
5,91,Sakumono Community Clinic
5,87,Salvation Army Urban Aid Clinic
5,92,Samala Clinic
5,87,Sape Agbo Memorial Hospital
5,92,Savans Clinic & Maternity Home
5,87,Korle-Bu School of Medical Laboratory Technology
5,87,Korle-Bu School of Radiology
5,89,Sege Health Centre
5,87,Shwectzer Clinic
5,87,SIC Bob Freeman Clinic
5,91,SIC Bob Freeman Clinic
5,91,Sinel Specialist Hospital
5,91,Skin Clinic
5,91,Solace Medical Certical Centre
5,87,Specialist Hospital & Family Planning Centre
5,91,SSNIT Clinic
5,90,St Andrews Catholic Clinic
5,87,St Andrews Clinic
5,87,St Andrews Clinic
5,91,St Anthony's Clinic
5,87,St Bernard Eye Clinic
5,91,St Georges Family Clinic
5,87,St Gloria's Clinic & Maternity Home
5,91,St John's Clinic
5,87,St Luke's Clinic
5,87,St Martin's Clinic
5,87,St Mathew's Clinic
5,87,St Maurice Maternity Home
5,91,St Nicholas Hospital
5,91,Stadium Clinic
5,92,Stand Firm Maternity Home
5,88,Star Clinic
5,87,Sulemana Memorial Hospital Ltd (formerly Islamic Foundation Clinic)
5,91,Sulemana Memorial Hospital Ltd (formerly Islamic Foundation Clinic)
5,91,Sunrise Clinic
5,87,Su-san Clinic
5,87,Swan Clinic
5,91,Swan Clinic
5,91,Swan Clinic
5,91,Swan Clinic
5,92,Taifa Station Clinic Annex (Theatre Only)
5,87,Tee's Maternity Home
5,91,Tema Christian Eye Clinic
5,91,Tema Municipal Health Directorate
5,91,Tema General Hospital
5,91,Tema Manhean Health Centre
5,91,Tema Oil Refinary Clinic
5,91,Tema Polyclinic
5,91,Tema Women's Hospital
5,87,Teshie Community Clinic
5,91,The Achimota Clinic
5,87,The Clinic
5,87,The Finger of God Maternity Home
5,91,The Healing Star Clinic
5,87,The King & 1 Eye Clinic
5,87,The Oak Street Clinic
5,87,The Rock Hospital
5,91,The Tema Clinic (West End Specialist Clinic)
5,92,Trinity Clinic
5,87,Trust Hospital (SSNIT Hospital)
5,87,TUC Clinic
5,87,Unicorn Memorial Clinic
5,91,Unilever Clinic
5,87,University Hospital (Legon Hospital)
5,87,University of Ghana Medical School
5,91,Urban Health Centre
5,91,Valco Hospital
5,87,Vicon Specialist Hospital / Mat home 
5,87,Vic's Maternity Home
5,87,Victor's Maternity & Child Health Clinic
5,91,Voice of the Lord Maternity Home & Clinic
5,91,Volta Clinic
5,87,VRA Clinic
5,88,We Care Medical centre
5,91,White Eagle Clinic
5,87,White House Clinic
5,87,Zoti Clinic
5,87,Memorial Clinic
5,87,James Camp Borstral Clinic
5,87,Joana Clinic
5,87,Twumasi-Waah Memorial Hospital
5,87,Eye Link
5,87,Save the Nation Sight
5,87,Family Health Ltd.
5,87,Dental Clinic
5,87,North Labone Dental Clinic
5,87,S & S Medical Centre
5,87,Philips Clinic
5,87,Teshie Health Assistants Training School
5,87,C & J Medicare
5,87,Charisma Dental Clinic
5,87,Nuffield Clinic
5,87,Executive Health Care Unit
5,87,Spaes Dental Clinic
5,87,Ayifua Clinic
5,87,Otoo Memorial Dental Clinic
5,87,Family Clinic
5,87,Civil Service Clinic
5,87,Obenfo Hospital
5,87,Hanson Medical Centre
5,87,Aroma Dental Clinic
5,87,Bethany Medical Centre
5,87,Lighthouse Mission 
5,87,Achimota Hospital
5,87,Fire Medical Centre
5,88,Madina Health Centre
5,88,Superior Medical Centre
5,88,Clements Clinic
5,88,Pantang Health Assistants Training School
5,88,CMFR Clinic
5,88,Dr Koranteng Dental Clinic
5,88,African Moslem Clinic
5,88,Victoria Clinic
5,88,Leonard Clinic
5,88,Van Medical Centre
5,88,Passion Clinic
5,88,Taifa CHPS 
5,88,Jilac Specialist Hospital
5,88,Beans Clinic
5,88,St Clement Clinic
5,88,Taifa CHPS
5,88,Dela Clinic
5,92,Holy Dove Hospital
5,92,The New Achimota Clinic
5,92,Bertmis Maternity Home
5,91,Green House Clinic
5,91,Dziram Eye Clinic
5,87,Korle-Bu Opthamalmic
5,87,Korle-Bu Pery Operative
5,87,Korle-Bu Public Health
5,87,Military Nurses Training College
5,92,Western Hills School of Nursing (General Nursing)
5,88,Health Concern (Health Assistants Clinical)
5,91,Nyaniba (Health Assistants Training School Clinical)
5,87,Martin Luther Health Assistants Training School
6,93,Bamboi Health Centre
6,93,Jama Health Centre
6,93,Catholic PHC
6,93,Bole Hospital
6,93,Bole District Health Directorate
6,93,Tinga Health Centre
6,93,Banda-Nkwanta CHPS
6,93,Mandari Health Centre
6,94,Yunyoo  Health Centre
6,94,Bunkpurugu  Health Centre
6,94,Bunkpurugu-Yunyuo District Health Directorate
6,94,Rabito Clinic
6,94,Jimbale Health Centre
6,94,Binde  Rural  Hospital
6,94,Nakpanduri  Health Centre
6,94,Nasuan  Health Centre
6,95,Tina's Maternity Home
6,95,Buipe Health Centre
6,95,Central Gonja District Health Directorate
6,95,Kusawgu Health Centre
6,95,Sankpala CHPS
6,95,Mpaha Health Centre
6,95,Tuluwe Health Centre
6,95,Yapei Health Centre
6,96,Abromase Health Centre
6,96,Buma Health Centre
6,96,FAME Health Centre
6,96,Jantong CHPS
6,96,Kpalbe Health Centre
6,96,Blajai E.P. Health Centre
6,96,Kitare  Health Centre
6,96,Oti River Hospital
6,96,Kpandai Health Centre
6,96,WEC Health Centre
6,96,Lonto Health Centre
6,96,Loloto Health Centre
6,96,Gulbi  Quarters Health Centre
6,96,Sabojida Health Centre
6,96,Bunjai CHPS
6,96,Makango Health Centre
6,96,Salaga  Hospital
6,96,East Gonja District Health Directorate
6,96,Catholic PHC
6,97,Gambaga Health Centre
6,97,East Mamprusi District Health Directorate
6,97,Gbintiri Health Centre
6,97,Wundua CHPS
6,97,Langbinsi Presby Health Centre
6,97,Baptist Medical Centre
6,97,Sakogu Health Centre
6,97,Gbingbani Health Centre
6,98,Gushegu  Hospital
6,98,Katani CHPS
6,98,Gushegu District Health Directorate
6,98,Galwei Health Centre
6,98,Kpatinga Health Centre
6,98,Zinindo CHPS
6,99,Karaga Health Centre
6,99,Karaga District Health Directorate
6,99,Nyong CHPS
6,99,Pishegu Health Centre
6,100,Bimbilla  Hospital
6,100,Nanumba North District Health Directorate
6,100,Binchera  Health Centre
6,100,Lanja  Health Centre
6,100,Chamba  Health Centre
6,100,Makayili  Health Centre
6,100,Juo CHPS
6,101,Lungni Health Centre
6,101,Nakpayili CHPS
6,101,Pudua Health Centre
6,101,Nanumba South District Health Directorate
6,101,Wulensi Health Centre
6,101,Kukuo CHPS
6,102,Bunburika CHPS
6,102,Wanjoga CHPS
6,102,Chereponi Health Centre
6,102,Gbangbanpong CHPS
6,102,Saboba Medical Centre
6,102,Saboba Chereponi District Health Directorate
6,102,Sambuli Health Centre
6,102,Kpalba E.P Health Centre
6,102,Wapuli E.P. Health Centre
6,102,Garinkuka CHPS
6,102,Wenchiki Health Centre
6,102,Saboba RCH
6,103,Nanton Health Centre
6,103,Pong Tamale Health Centre
6,103,Diare Health Centre
6,103,Pigu CHPS
6,103,Zoggu Health Centre
6,103,Savelugu  Hospital
6,103,Bruham  Maternity Home
6,103,Mogla Health Centre
6,103,Jonjori Health Centre
6,103,Savelugu  Hospital
6,103,Savelugu Nanton District Health Directorate
6,103,Tampion Health Centre
6,104,Gindabuo Health Centre
6,104,Kalba  Health Centre
6,104,Sawla Health Centre
6,104,Ever Green Maternity Home
6,104,Friends Maternity Home
6,104,S awla Health  Centre
6,104,Sawla Tuna Kalba District Health Directorate
6,104,Tuna Health Centre
6,104,Soma CHPS
6,104,Kulmasa CHPS
6,105,Industrial Area Health Centre
6,105,Bilpela Health Centre
6,105,Deahas Maternity Home
6,105,Kpanvo Health Centre
6,105,Choggu RCH
6,105,Shekina Health Centre
6,105,Fulera Maternity Home
6,105,As-Salam Materniyt Home
6,105,Bagabaga Clinic
6,105,Nyohini  Clinic
6,105,Gariziegu Clinic
6,105,Sanerigu RCH
6,105,Rev. Tyers Momeral Clinic
6,105,ABF Medical Center
6,105,Tamale School of Hygiene
6,105,Kalpohini Health Centre
6,105,Tania Specialist
6,105,6mrs Kamina Health Centre
6,105,Haj Adams Health Centre
6,105,Tamale West Hospital
6,105,Tamale Metropolitan Health Directorate
6,105,Regional Health Directorate
6,105,Tamale Central RCH
6,105,Rabito Clinic
6,105,SDA Hospital
6,105,Tamale Central  Hospital
6,105,Tamale Nutrition Rehab Center
6,105,Tamale Community Health Nurses Training School
6,105,Tamale Nurses Training School
6,105,Vitting RCH
6,105,Lahagu Health Centre
6,105,Kotingli  CHPS
6,105,Tamale Teaching Hospital
6,106,Dalon Health Centre
6,106,Singa  CHPS
6,106,Kunbungu Health Centre
6,106,Kpiliyin Health Centre
6,106,Cheshegu  Clinic
6,106,Nyankpala Health Centre
6,106,Tolon Health Centre
6,106,Tolon-Kumbungu District Health Director
6,106,Wantugu Health Centre
6,106,Lingbunga CHPS
6,106,Bontanga Health Centre
6,106,Gbulun Health Centre
6,106,Kpendua CHPS
6,107,Busunu Health Centre
6,107,Daboya   Health Centre
6,107,Lingbinsi  Community  Clinic
6,107,Bawena  CHPS
6,107,Damongo RCH
6,107,Damongo Hospital
6,107,Mankarigu Health Centre
6,107,Mole Game Health Centre
6,107,West Gonja District Health Directorate
6,108,Janga Health Centre
6,108,Kpasenkpe  Health Centre
6,108,Yagaba Health Centre
6,108,Kubori  Health Centre
6,108,Yizesi  Health  Centre
6,108,Our  Lady Of Rocio  Health Centre
6,108,Nasia  CHPS
6,108,Walewale  Hospital
6,108,Yama CHPS
6,108,Catholic  Rehabilitation/Nutrition  Centre
6,108,Gbeo CHPS
6,108,Yikpabongo  Health Centre
6,108,Kparigu PPAG Health Centre
6,108,West Mamprusi District Health Directorate
6,108,FAME-Loagri Clinic
6,108,FAME-Yizesi Clinic
6,108,Wulugu Health Centre
6,109,Adibo Health Centre
6,109,Bunbon Health Centre
6,109,Jimle Health Centre
6,109,Kuni CHPS
6,109,Nyani Health Centre
6,109,Dabogni Health Centre
6,109,Sang Health Centre
6,109,Church of Christ Health Centre
6,109,Yendi Hospital
6,109,Yendi RCH
6,109,Sunsong CHPS
6,109,Yendi District Health Directorate
6,109,Yendi Leprosarium
6,110,Kukpalgu Health Centre
6,110,Nakpale Health Centre
6,110,Woriborgu CHPS
6,110,Tatale Health Centre
6,110,Kpalbutabu Health Centre
6,110,Zabzugu Polyclinic
6,110,Kandin Health Centre
6,110,Sabare CHPS
6,110,Zabzugu-Tatale District Health Directorate
6,102,Kujoni CHPS
6,102,Sangul CHPS
6,102,Demon CHPS
6,102,Kucha CHPS
6,102,Nansoni CHPS
6,102,Tumbo CHPS
6,104,Donald Richard Clinic
6,103,Dipali CHPS
6,100,Sabonjida CHPS
6,100,Juanayili CHPS
6,97,Jawani CHPS
6,97,Public Health Unit BMC
6,97,Konlinvai CHPS
6,97,Samini HPS
6,97,Tuni CHPS
6,97,Gbangu CHPS
6,95,Yalla CHPS
6,94,Kambatiak CHPS
6,94,Kambagu CHPS
6,94,Bimbagu CHPS
6,94,Mozio CHPS
6,94,Temaa CHPS
6,95,Boachipe CHPS
6,96,Kpembu Health Centre
6,96,Kafaba CHPS
6,93,Kwame Kwesi CHPS
6,93,Chibrinyo CHPS
6,93,Gbenfu CHPS
6,93,Kakiasi CHPS
6,93,Maluwe CHPS
6,93,Mankuma Health Centre
6,93,Kwame Kwesi CHPS
6,93,Carpenter CHPS
6,98,Nabuli Health Centre
6,98,Damakung Clinic
6,98,Gushegu Hospital
6,99,Zandua CHPS
6,99,Sandua CHPS
6,105,Fooshegu CHPS
6,105,Gods Care Clinic
6,105,Tania Specialist Hospital
6,105,Malshegu CHPS
6,105,St. Lucy Polyclinic
6,105,Taha CHPS
6,105,Zuo CHPS
6,105,Kanvili Clinic
6,106,Kings Medical Centre
6,106,Yoggu CHPS
6,107,Gurupe CHPS
6,107,Kotito CHPS
6,107,Achubunyo CHPS
6,107,Lingbinsi CHPS
6,107,Mempeasem CHPS
6,108,Gbeo CHPS
6,108,Kukuo CHPS
6,108,Tantala CHPS
6,108,Yama CHPS
6,109,Kpabia CHPS
6,110,Jubilee CHPS
6,110,Tatindo CHPS
6,110,Nahuyili CHPS
6,107,Damango Health Assistants Training School
6,109,Yendi Health Assistants Training School
6,97,Nalerigu Health Assistants Training School
6,96,Kpembe Health Assistants Training School
7,111,Nafkoliga CHPS
7,111,Kukparigu CHPS
7,111,Binduri Health Centre
7,111,Kadara Maternity Home
7,111,Presbyterian Primary Health Care Secretariat
7,111,Bawku Presby Nurses Training College
7,111,Mognori Clinic
7,111,Zuabulga Clinic
7,111,Sarabogo CHPS
7,111,Akunye Memorial Clinic
7,111,Kultamise Clinic
7,111,Kulungungu Clinic
7,111,Pusiga Health Centre
7,111,Urban Health Centre
7,111,Bawku Hospital
7,111,Manga CHPS
7,111,Dan's Clinic
7,111,Islam Maternity Clinic
7,111,Bawku Municipal Health Directroate
7,111,Bawku Nutrition Rehabilitation Centre
7,111,Quality Medical Centre
7,111,Widana Health Centre
7,111,Widana Rehabilitation Centre
7,111,Bansi CHPS
7,111,Zawse CHPS
7,111,Bazua CHPS
7,111,Bazua Community Clinic
7,112,Apodabogo Feeding Centre
7,112,Azuwera CHPS
7,112,Bawku West District Health Directorate
7,112,Binaba Health Centre
7,112,Binaba Rehabilitation Centre
7,112,Faith Clinic
7,112,Gbantongo Clinic
7,112,Googo Clinic
7,112,Gossip Clinic
7,112,Kansoogo CHPS
7,112,Kopella CHPS
7,112,Naaba Akparibilla Medical Centre
7,112,Salpiiga CHPS
7,112,Sapelliga Health Centre
7,112,Tanga CHPS
7,112,Tarikum CHPS
7,112,Teshie CHPS
7,112,Tilli  Clinic
7,112,Timonde CHPS
7,112,Timonde Health Centre
7,113,Kalbeo CHPS
7,113,Bolga Health Centre
7,113,Nyariga Clinic
7,113,Bolgatanga Midwifery Training College
7,113,Sokabisi Clinic
7,113,Police Clinic
7,113,Gambibgo Clinic
7,113,Asankunde Memorial Clinic
7,113,Coronation Clinc
7,113,Afrikids Medical Centre
7,113,Bolgatanga Regional Hospital
7,113,Bolgatanga Municipal Health Directorate
7,113,Bolgatanga Nutrition Rehabilitation Centre
7,113,Bolgatanga Regional Health Directorate
7,113,Bolgatanga Nurses Training College
7,113,Sherigu Clinic
7,113,Aguusi CHPS 
7,113,Sumbrungu Clinic
7,113,Zuarungu Health Centre
7,113,Zuarungu-Moshie Clinic
7,114,Adaboya CHPS
7,114,Saporo CHPS
7,114,Dua Clinic
7,114,Beo Tankoo Feeding Centre
7,114,WFP Adaboya Feeding Centre
7,114,WFP Apatanga Feeding Centre
7,114,WFP Saporo Feeding Centre
7,114,Balungu CHPS
7,114,Kunkua CHPS
7,114,Anafobisi Clinic
7,114,Bongo District Health Directorate
7,114,Bongo Hospital
7,114,Bogrigo Supplementary Feeding Centre
7,114,Bongo Nutrition Rehabilitation Centre
7,114,Bongo/Soe Health Centre
7,114,Boko CHPS
7,114,Feo Supplementary Feeding Centre
7,114,Atampiisi CHPS
7,114,Namoo Health Centre
7,114,Nayorogo Feeding Centre
7,114,Soe Feeding Centre
7,114,Gowrie CHPS
7,114,Vea Health Centre
7,114,Kodorogo CHPS
7,114,Zorko Health Centre
7,114,Gambrongo Feeding Centre
7,114,Goo Feeding Centre
7,115,Builsa District Health Directorate
7,115,Namonsa CHPS
7,115,Chuchuliga Health Centre
7,115,Gbedembilisi CHPS
7,115,Uwasi CHPS
7,115,Fumbisi Health Centre
7,115,Gbedema CHPS
7,115,Kanjarga Health Centre
7,115,Kunkwak CHPS
7,115,Kalijiisa CHPS
7,115,Kori CHPS Centre
7,115,Sandema RCH
7,115,Presby Rehabilitation Centre
7,115,Sandema Hospital
7,115,Bachongsa CHPS
7,115,Doninga Health Centre
7,115,Wupiensa CHPS
7,115,Siniensi Presby Community Clinic
7,115,Chansa CHPS
7,115,Kaadema CHPS
7,115,Wiaga Clinic
7,116,Bugri Health Centre
7,116,Kuka Clinic
7,116,Kpattia CHPS
7,116,Fame Clinic
7,116,The Lords Clinic
7,116,Garu-Tempane District Health Directorate
7,116,Garu Health Centre
7,116,Garu Nutrition Rehabilitation Centre
7,116,Songo Clinic
7,116,Denegu Clinic
7,116,Worikambo Health Centre
7,116,Sumaduri Presby Health Clinic
7,116,Worinyanga Health Centre
7,116,Bimpeka #2 Feeding Centre
7,116,Woriyanga Rehabilitation Centre
7,117,Adognia Nutrition/ Supplementary Feeding Centre
7,117,Bawiu WFP/MOH Supplementary Feeding and Nutrition/ Education Centre
7,117,Biu CHPS
7,117,Biu Maternity/PHC
7,118,Bugsongo/Nyangolingo CHPS
7,118,Chiana Health Centre
7,117,Doba CHPS
7,117,Gia CHPS
7,117,Gongnia CHPS
7,117,Gongnia Feeding Centre
7,117,K. N. East Health Centre
7,118,Kajelo CHPS
7,118,Kalvio CHPS
7,118,Kanania CHPS
7,117,Kassena-Nankana District Health Directorate
7,118,Katiu CHPS
7,118,Kayoro CHPS
7,118,Kayoro Health Centre
7,118,Kayoro/Wuru WFP/ Supplementary Feeding and Nutrition Education Centre
7,117,Kologo CHPS
7,117,Kologo Feeding Centre
7,117,Kologo Health Centre
7,117,Manyoro CHPS
7,118,Mirigu CHPS
7,117,Naaga CHPS
7,117,Naaga Nutrition/ Education Centre
7,118,Nakolo Clinic
7,118,Nakolo Community Clinic
7,118,Nakong CHPS
7,117,Natugnia CHPS
7,118,Navio CHPS
7,117,Navrongo Health Research Centre
7,117,Navrongo RCH/FP Health Centre
7,117,Navrongo Rehabilitation Centre
7,117,Nayagnia CHPS
7,117,Nayagnia Nutrition/ Education Centre
7,118,Nyangania CHPS
7,118,Nyangania CHPS
7,118,Paga Health Centre
7,117,Pinda CHPS
7,117,Pungu North CHPS
7,119,Datuko Clinic
7,119,Ayamfooya Memorial Clinic
7,119,Nangodi Health Centre
7,119,Pelungu Clinic
7,119,Talensi-Nabdam District Health Directorate
7,119,Tongo Health Centre
7,119,Kpatia CHPS
7,119,Namolgo Clinic
7,119,Winkogo Clinic
7,119,Pwalugu Health centre
7,115,Mutiensa CHPS
7,115,Muzdem CHPS
7,119,Gorogo CHPS
7,119,Gorigo/Awaradone CHPS
7,119,Duusi CHPS
7,119,Sakote CHPS
7,119,Tolla CHPS
7,119,Zanlerigu CHPS
7,117,Pungu South CHPS
7,118,Sirigu Clinic
7,117,St. Jude Clinic
7,117,Vunania CHPS
7,117,War Memorial Hospital
7,117,Wuru CHPS
7,117,Yua CHPS
7,114,Saporo CHPS
7,114,Akolpolsiga CHPS
7,114,Feo CHPS
7,114,Kabre CHPS
7,114,Wagliga CHPS
7,114,Kadare CHPS
7,112,Widnaba Clinic
7,112,Yarigu CHPS
7,112,Yelwoko Anglican Clinic
7,116,Denugu CHPS
7,116,KpiKpira CHPS
7,116,Sumaduri CHPS
7,116,Nagani CHPS
7,116,Kugasheigu CHPS
7,112,Zebilla  Hospital
7,112,Zebilla RCH
7,112,Zongoire CHPS
7,112,Zongoire Health Centre
7,111,Goore Clinic
7,111,Kuka Clinic
7,111,Kulungungu CHPS
7,111,Nakom CHPS
7,111,Tindanatinga CHPS
7,111,Urban West Clinic
7,113,Katanga CHPS
7,113,Nyokokor CHPS
7,113,Yarigabisi CHPS
7,113,Yorogo-Madina CHPS
7,116,Kpatia CHPS
7,116,Rabito Clinic
7,119,Yinduri CHPS
7,119,Shia CHPS
7,116,Basyonde Clinic
7,115,Doninga Health Centre
7,120,Navrongo Community Health Nurses Training School
7,113,Bolgatanga Health Assistants Training School
8,121,Billaw Health Centre
8,122,Duori Health Centre
8,122,Hain Health Centre
8,121,Hamile Health Centre
8,121,Kanyiri Maternity Home
8,122,St. Joseph's Hospital
8,122,Jirapa District Health Directorate
8,121,Karni Health Centre
8,121,Lambussie Health Centre
8,121,Piina Health Centre
8,122,Sabuli Health Centre
8,121,Samoa Health Centre
8,121,Dahile CHPS
8,122,Tampaala CHPS
8,122,Tuggo Health Centre
8,122,Ullo Health Centre
8,122,Yagha Health Centre
8,123,Babile Health Centre
8,123,Baseble Health Centre
8,123,Domwine Health Centre
8,123,Eremon Health Centre
8,123,Gengenkpe Health Centre
8,123,Gbieri CHPS
8,123,Lawra RCH 
8,123,Lawra District Health Directorate
8,123,Lawra District Hospital
8,123,Nandom Hospital
8,123,Good Shepherd Maternity Home
8,123,Nandom RCH
8,123,Ketuo Health Centre
8,123,Nanyaari CHPS
8,123,Ko Health Centre
8,124,Kamahegu CHPS
8,124,Bussie Health Centre
8,124,Charikpong Health Centre
8,124,Daffiama Health Centre
8,124,Dapuori Health Centre
8,124,Fian Health Centre
8,124,Naro CHPS
8,124,Issa Health Centre
8,124,Jang Health Centre
8,124,Kaleo Health Centre
8,124,Sankana CHPS
8,124,Ahmadiya Mission Hospital
8,124,Kojokpere Health Centre
8,124,Goli CHPS
8,124,Nadowli District  Hospital
8,124,Nadowli RCH 
8,124,Cheri-Sombo CHPS
8,124,Nadowli District Health Directorate
8,124,Nanvilli Health Centre
8,124,Sombo Health Centre
8,124,Nator CHPS
8,124,Takpo Health Centre
8,125,Kulfuo Health Centre
8,125,Kunchogu Health Centre
8,125,Nabugubelle Health Centre
8,125,Nabulo Health Centre
8,125,Sakia CHPS
8,125,Tumu RCH
8,125,Tumu District Hospital
8,125,Sissala East Distirict Health Directorate
8,125,Wellembelle Health Centre
8,126,St. Gerhard Health Centre
8,126,Gwollu Health Centre
8,126,Sissala West District Health Directorate
8,126,Jeffisi Health Centre
8,126,Zini Health Centre
8,127,Baayiri Health Centre
8,127,Bulenga Health Centre
8,127,St. John's Health Centre
8,127,Wa East District Health Directorate
8,127,Holomuni Health Centre
8,127,Kundugu Health Centre
8,127,Loggu Health Centre
8,127,Yaala Health Centre
8,128,Busa Health Centre
8,128,Charia Health Centre
8,128,Arch Bishop Dery Memorial Hospital
8,128,Hajia Rahinatu Sena Maternity Home
8,128,Jamiatu Islamic Hospital
8,128,Kperisi CHPS
8,128,Nut-Rehab Centre
8,128,Sena Clinic
8,128,Ahmadiya Muslim Clinic
8,128,Al-Azhar Clinic
8,128,Wa RCH
8,128,Upper West Regional Hospital
8,128,Wa Municipal Health Directorate
8,128,Wa Regional Health Directorate
8,129,Dorimon Health Centre
8,129,Eggu Health Centre
8,129,Chogsia CHPS
8,129,Gurungu Health Centre
8,129,Lassia Tuolu Health Centre
8,129,Vieri CHPS
8,129,Poyentanga Health Centre
8,129,Progress Maternity Home
8,129,Dornye CHPS
8,129,Wechau Health Centre
8,129,Wa West Dstrict Health Directorate
8,121,Henteng CHPS
8,122,Ping CHPS
8,121,Sentu CHPS
8,122,Somboro CHPS
8,121,Suke CHPS
8,121,Lambussie District Health Directorate
8,123,Biro CHPS
8,123,Tankyaara CHPS
8,123,Tuopare CHPS
8,123,Dikpe CHPS
8,123,Kokoligu CHPS
8,123,Lawra Methodist Clinic
8,123,Rabito Clinic
8,123,Zambo Health Centre
8,124,Sampina CHPS
8,124,Duong CHPS
8,124,Kpazie CHPS
8,124,Samanbo CHPS
8,124,Tabiesi CHPS
8,124,Kanyini CHPS
8,124,Challa CHPS
8,125,Bawiesibella CHPS
8,126,Buo CHPS
8,126,Duwie CHPS
8,127,Goh CHPS
8,127,Kattaa CHPS
8,127,Naaha CHPS 
8,127,Ducie CHPS
8,127,Kpaglahi CHPS
8,127,Buffiamah CHPS
8,127,Katua CHPS
8,127,Biitenga CHPS
8,127,Jeyiri CHPS
8,127,Samuel Saidu Memorial Clinic
8,128,Bamahu CHPS
8,128,Boli CHPS
8,128,Piisi CHPS
8,128,Jonga CHPS
8,128,Dobile CHPS
8,128,Kpomgu CHPS
8,128,Nakora CHPS
8,128,Dondoli CHPS
8,128,Kumbiehi CHPS
8,128,Tampalipaani CHPS
8,128,Market Clinic
8,128,STI  Clinic
8,128,Konta North
8,128,Charingu Health Centre
8,128,Kambali Health Centre
8,128,Wa Urban Health Centre
8,129,Dabo CHPS
8,129,Metteu CHPS
8,129,Jenebob CHPS
8,129,Ga CHPS
8,129,Kunchelleyiri CHPS
8,121,Sentu CHPS
8,122,Jirapa Nurses Training Colleage
8,122,Jirapa Community Health Nurses Training School
8,122,Jirapa Midwifery Training School
8,122,Wa Health Assistants Training School
9,130,Adaklu Hlekpe Health Centre
9,130,Ziope Health Centre
9,130,Adaklu Ahunda Health Centre
9,130,Kpetoe Health Centre
9,130,Adaklu Waya   Health Centre
9,130,Salvation Army Clinic
9,130,Keyime Health Centre
9,130,Wudzedeke Health Centre
9,130,Adaklu-Anyigbe District Health Directorate
9,131,Ho Community Health Nurses Training School
9,131,Ho Nurses Training College
9,131,Ho Municipal Health Directorate
9,131,Steve Biko Clinic
9,131,Gisella Memorial Clinic
9,131,Akpe Na Mawu Clinic
9,131,Hofedo RCH
9,131,Takla CHPS
9,131,Dededo CHPS
9,131,St John's Clinic (ENT)
9,131,Dr. Quaye Infirmery
9,131,Council Hall RCH
9,131,Abutia Kpota RCH
9,131,Alalale RCH
9,131,Dora's Maternity Home
9,131,Nightingale maternity Home
9,131,Miracle Life Clinic
9,131,Tsibu Health Centre
9,131,Taviafe Health Centre
9,131,Dodome Teleafenu  Health Centre
9,131,Saviefe Agorkpo Health Centre
9,131,Ho Polyclinic
9,131,Amedzofe Health Centre
9,131,Hodzoga Health Centre
9,131,Shia Health Centre
9,131,Abutia Kloe Health Centre
9,131,Fume Health Centre
9,131,Dzolo Gbogame Health Centre
9,131,Dodome Awiasu Health Centre
9,131,Nyive Health Centre
9,131,Lume Health Centre
9,131,Atikpui Health Centre
9,131,Ziave Health Centre
9,131,Tanyigbe Health Centre
9,131,Klefe Health Centre
9,131,Gbadzeme Health Centre
9,131,Vane Health Centre
9,131,Dzolo Kpuita Health Centre
9,131,Matse Health Centre
9,131,Tokokoe Health Centre
9,131,Akoefe Health Centre
9,131,Kpedze Health Centre
9,131,Tsito Health Centre
9,131,Abutia Agove Health Centre
9,131,Akrofu Health Centre
9,131,Hlefi Health Centre
9,131,Ho E. P. Clinic
9,131,Volta Regional Hospital
9,131,Ho Municipal Hospital
9,131,7 MRS (Military Hospital)
9,132,Hohoe Midwifery Training School
9,132,Hohoe District Health Directorate
9,132,Leklebi Kame Health Centre
9,132,Soba Liati Health Centre
9,132,Logba Tota Health Centre
9,132,Gbi Wegbe Health Centre
9,132,Akpafu Adorkor Health Centre
9,132,Santrokofi Health Centre
9,132,Ve Golokwati Health Centre
9,132,Lolobi Kumase Health Centre
9,132,Fodome Helu Health Centre
9,132,Likpe Abrani Health Centre
9,132,Tafi Agoeme Health Centre
9,132,Ve Hoeme Health Centre
9,132,Likpe Kukurntumi Health Centre
9,132,Logba Vuinta Health Centre
9,132,Akpafu Mempeasem Health Centre
9,132,Gbledi Health Centre
9,132,Likpe Bala Health Centre
9,132,Likpe Bakwa Health Centre
9,132,Nyagbo Gagbefe Health Centre
9,132,Nyangbo Sroe Health Centre
9,132,Fodome Ahor Health Centre
9,132,Goviefe Agodome Health Centre
9,132,Alavanyo Health Centre
9,132,St. George's Health Centre
9,132,Hohoe Government Hospital
9,132,Wli Afegame Health Centre
9,132,Leklebi Duga Health Centre
9,132,Fodome Woe CHPS
9,132,Logba Alakpeti Health Centre
9,132,Akpafu Adomi Community Clinic
9,132,Liati Wote CHPS
9,132,Revival Clinic
9,133,Jasikan District Health Directorate
9,133,Bowiri Community Clinic
9,133,Kwamekrom Static Clinic
9,133,New Ayoma Health Centre
9,133,Kute Clinic
9,133,Akaa Clinic
9,133,Amanya  Health Centre
9,133,Baglo Clinic
9,133,Jasikan Hospital
9,133,Abotoase Health Centre
9,133,Nkonya Wurupong Health Centre
9,133,Old Ayoma Health Centre
9,133,Bodada Health Centre
9,133,Teteman Health Centre
9,133,Baika Health Centre
9,133,Nsuta Health Centre
9,133,Worawora Hospital
9,133,N.V.C. Hospital
9,133,St Jude Medical Centre
9,133,Teteman CHPS
9,133,Nkonya Ahenkro Health Centre
9,134,Kadjebi District Health Directorate
9,134,Dzamlome Government
9,134,Dodo Amanfrom Health Centre
9,134,Ahamansu Health Centre
9,134,Kadjebi Health Centre
9,134,Pampawie Health Centre
9,134,Dodi-Mepeasem Health Centre
9,134,Dodi Papase Mary Theresa Hospital
9,134,Faith  Maternity Home
9,134,Dede Maternity Home
9,134,Woraworso Health Centre
9,134,Poase Cement Health Centre
9,135,Keta District Health Directorate
9,135,Sacred Heart Hospital
9,135,St. Rapheal's Clinic
9,135,Asadame Health Centre
9,135,Kotoka Memorial Clinic
9,135,Agbledome Health Centre
9,135,Anyako Health Centre
9,135,Tegbi Health Centre
9,135,Atiavi Health Centre
9,135,Tregui Health Centre
9,135,Galo-Sota Health Centre
9,135,Anlo-Afiadenyigba Health Centr
9,135,Anloga Health Centre
9,135,Hatorgodo E. P. Clinic
9,135,Keta Government Hospital
9,135,Crowns Maternity Home
9,135,Nancy's Maternity Home
9,135,St. Franscis Clinic
9,135,Anyanui Health Centre
9,135,Anseco Clinic
9,135,Lebene Clinic
9,135,Kafui Maternity Home
9,135,Holy Maternity Home
9,135,Madam Mary Maternity Home
9,136,Ketu District Health Directorate
9,136,Blekusu Health Centre
9,136,Tadzewu Health Centre
9,136,Afife Health Centre
9,136,Wheta Health Centre
9,136,Aflao Hospital
9,136,St Anthony's Hospital
9,136,Agavedzi Health Centre
9,136,Adina Health Centre
9,136,Klikoor Health Centre
9,136,Akporkploe Health Centre
9,136,Devego Health Centre
9,136,Ohawu Health Centre
9,136,Ehie Health Centre
9,136,Central Aflao Hospital
9,136,New Hope Hospital
9,136,Sape-Agbo Memorial  Hospital
9,136,Denu RCH
9,136,Kpoglu RCH
9,136,Penyi RCH
9,136,Nogokpo RCH
9,136,St. Linus Children Clinic
9,136,Beno's Maternity/Clinic
9,136,Sunkwa Maternity Home
9,136,Srohume Clinic
9,136,Morning Star Clinic
9,136,St. Anthony Maternity/Clinic
9,136,Afatome Clinic
9,136,Port Health Service
9,136,Berith Clinic
9,136,Bethesda Clinic
9,136,St. Anthony Maternity Clinic
9,136,Sarah's Maternity Home
9,137,Kpando District Health Directorate
9,137,Sabadu Health Centre
9,137,Gadza Health Centre
9,137,Kudzra Health Centre
9,137,Senam Clinic  Aziavi
9,137,Vakpo Health Centre
9,137,Kpando Health Centre
9,137,Wusuta Health Centre
9,137,Aveme Danyigba Health Centre
9,137,Tsrukpe Health Centre
9,137,Botoku Health Centre
9,137,Kpando Torkor Health Centre
9,137,Awate Health Centre
9,137,Anfoega Catholic Hospital
9,137,Kpando Margret Marquat Hospital
9,137,St. Patrick's Hospital
9,137,Aveme Beme Health Centre
9,137,Wisdom Maternity Home
9,137,Matty's Maternity Home
9,137,Angela Zahnizer Maternity Home
9,138,Krachi East District Health Directorate
9,138,Dambai E. P. Clinic (Dan Mossar)
9,138,Adumadum Health Centre
9,138,Katanga Health Centre
9,138,Tokronu Health Centre
9,138,Asukawkaw Health Centre
9,138,Dormabin Health Centre
9,138,Nyietor Naz. Maternity Home
9,139,Krachi West District Health Directorate
9,139,Krachi District Hospital
9,139,Osramani Health Centre
9,139,Monkra Health Centre
9,139,Banda Health Centre
9,139,Ntewusa Health Centre
9,139,Borae Health Centre
9,139,Ehiamankyene Health Centre
9,139,St. Lukes Clinic Chinderi
9,139,Gyatoakroa CHPS
9,139,Anyinamae Health Centre
9,140,Nkwanta District Health Directorate
9,140,Damanko Health Centre
9,140,Kechebi Health Centre
9,140,Kpassa Health Centre
9,140,Tinjase Health Centre
9,140,Fame Clinic
9,140,Pusupu Health Centre
9,140,Tutukpene Health Centre
9,140,Bontibor Clinic
9,140,Sibi Clinic
9,140,Keri Clinic
9,140,Obanda Health Centre
9,140,Nyambong Health Centre
9,140,Bonakye Health Centre
9,140,Brewaniase Health Centre
9,140,Kpassa Chuch Of Pentecost Clinic
9,140,Nkwanta Dsitrict Hospital
9,140,St. Joseph's Hospital
9,140,Agoufie CHPS
9,140,Kabiti CHPS
9,140,Nkwanta RCH
9,141,North Tongu District Health Directorate
9,141,Volo Health Centre
9,141,Mafi Kumasi Health Centre
9,141,Dofor Adidome Health Centre
9,141,Torgome Health Centre
9,141,Avedo Health Centre
9,141,Kpoviadzi Health Centre
9,141,Biodun Health Centre
9,141,Mafi Sasekpe Health Centre
9,141,Fodzoku Health Centre
9,141,Juapong Health Centre
9,141,Podoe Health Centre
9,141,Adidome Hospital
9,141,Battor Mission Hospital
9,142,South Dayi District Health Directorate
9,142,Kpeve Health Centre
9,142,Wegbe Kpalime Health Centre
9,142,Have Health Centre
9,142,Dzemeni E. P. Church Clinic
9,142,Kpalime Duga Health Centre
9,142,Hope Maternity Home
9,142,Adzokoe Health Centre
9,142,Dzake Health Centre
9,142,Peki Government Hospital
9,142,St Pauls Maternity Home
9,142,Tongor Tsanakpe CHPS
9,143,South Tongu District Health Directorate
9,143,Comboni Polyclinic
9,143,Gamenu Health Centre
9,143,Agbakope Health Centre
9,143,Asidowui Health Centre
9,143,Agorta Health Centre
9,143,Dabala Health Centre
9,143,Good Sheperd Maternity Home
9,143,Sogakope RCH
9,143,Fame Clinic
9,143,Kpotame Health Centre/Chps
9,143,Tefle Health Centre
9,143,Adutor Health Centre
9,143,Dordoekope Health Centre
9,143,Dorkplorme CHPS
9,143,Sogakope District Hospital
9,132,Wli Todzi Health Centre
9,132,Wli Cenral Health Centre
9,132,Hohoe RCH
9,132,Liati Soba Health Centre
9,132,Goviefe Todzi Health Centre
9,132,St micheal's Clinic
9,132,Dr. Quarcoo's Clinic
9,132,Noamesi's Herbal Clinic
9,133,Nkonya Ntsumuru RCH
9,133,Tepa Amanya RCH
9,133,Guaman CHPS
9,133,Akporsorkubi Health Centre
9,133,Takrabe Clinic
9,133,Kyirahi Clinic
9,133,Green Hill Clinic
9,133,St Anthony Maternity Home
9,133,Gbedemah Maternity Home
9,133,Truth Maternity Home
9,133,Odumanse Clinic
9,133,Dzolu Community Clinic
9,134,Pepesu CHPS
9,135,EP Church Clinic
9,135,Shime Health Centre
9,135,Keta Health Assistants Training School 
9,135,Kedze Health Centre
9,135,Tsiame Health Centre
9,135,Dzelukope Health Centre
9,135,Sasiame CHPS
9,135,God's Grace Maternity Home
9,135,St Thomas Clinic
9,135,Atorkor CHPS
9,136,Fiamafle Clinic
9,136,Agbozume Health Centre
9,136,Agbozume RCH
9,136,Kpoglu CHPS
9,136,Wudoaba RCH
9,136,Dzigbordi Redemption Clinic
9,136,Ebenezer Clinic
9,136,E. K. Clinic
9,136,Elavanyo Clinc
9,136,Mass Clinic
9,136,Mawuenyega Maternity Home
9,136,Atlantic Clinic
9,136,St Christopher Maternity Home
9,136,Tublukope CHPS
9,137,Fesi CHPS
9,137,Dafor CHPS
9,137,Anfoega RCH
9,137,Bume CHPS
9,137,Torkor Health Centre
9,137,Sovie RCH
9,137,Agbenorxoe Health Centre
9,137,Tsyome Sabadu Health Centre
9,137,Gbefi CHPS
9,138,Dambai Health Centre
9,138,Njere CHPS
9,138,Anyiremu CHPS
9,138,Kparikpari RCH
9,139,Zongo Macheri RCH
9,139,Bejamasu Health Centre
9,139,Grubi Health Centre
9,139,Chindere RCH
9,139,Tete RCH
9,140,Alukpatsa CHPS
9,140,Banda Health Centre
9,140,Koni Clinic
9,140,Koe CHPS
9,140,Kpassa Maternity Home
9,140,Azua CHPS
9,140,Ofosu CHPS
9,140,Odumasi CHPS
9,140,Sibi Hill Top CHPS
9,140,Salifu CHPS
9,141,Woekpoe CHPS
9,141,Mafi Agoe CHPS
9,141,Kpogadzi CHPS
9,141,Mafi Agoe CHPS
9,141,Fame Clinic
9,141,Avedotoe CHPS
9,142,Agbate CHPS
9,142,Lave CHPS
9,142,Peki RCH
9,142,Tsanakpe Health Centre
9,142,Abui CHPS
9,142,E. P. Clinic
9,142,Salam Maternity Home
9,142,Tseyinu CHPS
9,143,Akpalale Christian Clinic
9,143,PPAG
9,143,Sokutsime CHPS
9,144,Agormor CHPS
9,144,Akatsi District Health Directorate
9,144,Akatsi District Hospital
9,144,Asafotsi CHPS
9,144,Atidzive CHPS
9,144,Ave Dakpe Health Centre
9,144,Ave Afiadenyigba CHPS
9,144,Avenorpedo Health Centre
9,144,Avenorpeme Health Centre
9,144,Avevi CHPS
9,144,Bethel Clinic
9,144,Ave Dzalele CHPS
9,144,Dzogadze CHPS
9,144,Gefia Health Centre
9,144,Hoggar Clinic
9,144,Nancy Maternity Home
9,144,Ave Xevi CHPS
9,144,Gornikope CHPS
9,144,Sremanu CHPS
9,144,St Peters Maternity Home
9,144,Wute Health Centre
9,144,Xavi CHPS
9,131,Ho School of Hygiene
10,145,Agona Health Centre
10,145,Susupapa Clinic
10,145,Fasin CHPS
10,145,Ahanta West District Health Directorate
10,145,Apowa Health Centre 
10,145,Asamasa CHPS
10,145,Holy Child Clinic
10,145,St. Vincent De Paul Clinic
10,145,Dixcove Hospital
10,145,Egyambra CHPS
10,145,Princesstown Health Centre
10,145,Grel Clinic
10,145,Abura RCH
10,145,Ewusiejoe CHPS
10,145,Egyam Catholic Health Centre
10,145,New Amanful CHPS
10,145,Kejebil CHPS
10,145,Akuba Ewoo Midwife/Maternity 
10,145,Akwidaa CHPS
10,145,Nana Hima-Dekyi Hospital
10,145,Butre CHPS
10,146,Boinso Health Centre
10,146,Ama Dansowaa Maternity Home
10,146,Eno Mary Maternity Home
10,146,Dadieso Health Centre
10,146,Akontombra Nkwanta Health Centre
10,146,Achimfo Health Centre
10,146,Presby Health Centre
10,146,Enchi Government Hospital 
10,146,Aowin Suaman District Health Directorate
10,146,Amonie Community Clinic
10,146,Sewum Health Centre
10,146,Acquai Allah Health Centre
10,146,Adjoum Community Clinic
10,146,Papueso Presby Clinic
10,146,Yiwabra Health Centre
10,147,Dormaaman Clinic
10,147,Adabokrom CHPS
10,147,Camp15 Junction PHC Clinic
10,147,Camp 15 CHPS
10,147,Peace Maternity Home
10,147,Amoakrom PHC Clinic
10,147,Eno Yeboah Clinic
10,147,St.Ann's Midwife/Maternity
10,147,Oseikojokrom CHPS
10,147,Brebre CHPS
10,147,Lizzy's Maternity Home
10,147,Gina's Maternity Home
10,147,Aduana Clinic
10,147,Kwamebikrom Presby Clinic
10,147,St. Joseph Clinic
10,147,Florence Midwife/Maternity
10,147,Kojoaba CHPS
10,147,Essam Health Centre
10,147,Bia District Health Directorate
10,147,Prapamase Community Clinic
10,147,Osbert Maternity Home
10,147,Ahmadiyya Clinic
10,147,Mempeasem Health Centre
10,147,Mayera Community Clinic
10,147,Nkwantakese PHC Clinic
10,147,Kaase Health Centre
10,147,St.Augustine Community Clinic
10,147,Angela Catholic Clinic
10,147,Kristo Nti Maternity Home
10,147,Adumkrom PHC Clinic
10,147,Alhajikrom PHC Clinic
10,147,Boafo Yena Clinic
10,147,Merciful Clinic
10,147,Saviour's Clinic
10,147,Church of Pentecost Clinic
10,148,Anhwiaso Health Centre
10,148,St.Pauls Clinic
10,148,Sefwi Wenchi Clinic
10,148,Mmerewa Community Clinic
10,148,Yewo Nyame Clinic
10,148,Asawinso A Community Clinic
10,148,G.B.C. Awaso Hospital
10,148,Bibiani Government Hospital
10,148,Bassengele Community Clinic
10,162,Adom Clinic
10,148,Rescue Clinic
10,148,A.A.B.L Clinic
10,148,Kate Afram Clinic
10,148,Bibiani Anhwiaso Bekwai District Health Directorate
10,148,St.Marks Anglican Clinic
10,148,Chirano Health Centre
10,148,Chirano Mines Clinic
10,148,Humjibre Clinic
10,148,Sefwi Bekwai Health Centre
10,149,Kengen CHPS
10,149,Twenen Community Clinic
10,149,Ekabeku Health Centre
10,149,Sowodadzem CHPS
10,149,Frontier Clinic
10,149,Ellubo Health Centre
10,149,Half Assini Government Hospital
10,149,Newtown Community Clinic
10,149,Enzemetianu CHPS
10,149,Takinta CHPS
10,149,Jomoro District Health Directorate
10,149,Tikobo No 1 Health Centre
10,149,Our Lady Of Fatima Clinic
10,149,Nuba CHPS
10,149,Siloam Gospel Clinic
10,149,Tikobo No 2 Community Clinic
10,149,Mpataba CHPS
10,149,Sameye Health Centre
10,150,Asempaneye CHPS
10,150,Florence Maternity Home
10,150,Bonsu Nkwanta Health Centre
10,150,New Brekum Midwife/Maternity
10,150,Maggie's Maternity Home
10,150,St. Mary's PHC Clinic
10,150,Anna's Maternity Home
10,150,Mamudu PHC Clinic
10,150,Juaboso Government Hospital
10,150,S.D.A. Clinic
10,150,Seria Memorial Maternity Home
10,150,Suiano Health Centre
10,150,Denchemoisue Community Clinic
10,150,Kwesikrom Health Centre
10,150,Amoaya Rural Health Centre
10,150,Juabeso District Health Directorate
10,150,Bodi Anglican Clinic
10,150,Ahinbenso Rural Clinic
10,150,Boinzan Anglican Clinic
10,151,Akutuase Community Clinic
10,151,It is the Lord Maternity Home
10,151,It is the Lord Maternity Home
10,151,Senchem Clinic
10,151,Atieku Health Centre
10,151,Atobiase Community Clinic
10,151,Manso Community Clinic
10,159,Adom Maternity Home
10,151,Daboase Health Centre
10,151,Adansi Community Clinic
10,151,S.I.P.L Clinic
10,151,Ahmadiyya Misson Hospital
10,151,Dompim Community Clinic
10,151,New Hope Clinic
10,151,Mpohor Wassa East District Health Directorate
10,151,Mpohor Health Centre
10,151,Adum Bamso Community Clinic
10,151,BOPP Clinic
10,151,The Glory of God Maternity Home
10,151,Sekyere Krobo Community Clinic
10,152,Nana Benee Memorial Health Centre
10,152,Asasetre Health Centre
10,152,Gwira Banso CHPS
10,152,Aiyinase Health Centre
10,152,Adom Clinic
10,152,Axim Government Hospital
10,152,Axim MunicipalDistrict Health Directorate
10,152,Bamiankor Health Centre
10,152,Gwira Eshiem CHPS
10,152,Ewuku CHPS
10,152,Kutukrom Health Centre
10,152,Eikwe Catholic Hospital
10,152,Essiama Health Centre
10,152,Nkroful Health Centre
10,152,Essiama Community Health Nurses Training School
10,153,Salem Maternity Home
10,154,Suzzy's Maternity Home
10,153,Akontombra Health Centre
10,153,Anyinabrim Health Centre
10,153,Ackaakrom Community Clinic
10,153,Nkonya Community Clinic
10,153,Sunkwa Clinic
10,153,S.D.A Clinic
10,153,Lizzy Maternity Home
10,153,St. Johns Of God Hospital
10,153,Kramokrom Health Centre
10,154,Gyanwah Memorial Maternity Home
10,154,Asantekrom CHPS 
10,154,Nsawora Health Centre
10,153,Nyamegyeso Community Clinic
10,153,Sefwi Wiawso Hospital
10,154,Sefwi-Akontombra District Health Directorate
10,155,Effia Nkwanta Regional Hospital
10,155,St.Francis Clinic
10,155,Essikadu Polyclinic 
10,155,Naval Sick Bay
10,156,V.R.A Hospital
10,155,Stratford Clinic / Maternity Home
10,155,Sekondi Nurses/Midwifery Training Colleage
10,155,2BN Military Hospital
10,155,Essandoh Memorial Clinic
10,155,Our Lady Of Faith RCH/FP Clinic
10,155,Jemima Maternity Home/Clinic
10,155,Agrata Natural Health Centre
10,155,Kwesimintsim Polyclinic  
10,155,The Cornerstone Specialist Clinic
10,155,Gabusu Clinic
10,155,Qui-Wal Clinic
10,155,Effmans Clinic
10,155,Sekondi RCH  Centre
10,155,Lily Maternity Home
10,155,New Look Optical Works
10,155,Fijai Clinic
10,155,Prisons Clinic
10,155,Grace Clinic
10,155,Police Clinic
10,155,Railway Clinic
10,155,Immaculate Heart Clinic
10,155,Our Ladys Clinic
10,155,Peace Clinic
10,155,Sekondi-Takoradi Metropolitan Assembly
10,155,Western Regional Health Directorate
10,156,Agyenkwa Clinic
10,156,Supomu Dunkwa Health Centre
10,156,Supomu Clinic
10,156,Shama Health Centre
10,155,Timber Clinic
10,155,Nagel Memorial S.D.A. Clinic
10,155,Air Force Medical Centre
10,155,Ghana Primewood Clinic
10,155,Mrs Akoto Maternity Home
10,155,Takoradi Flour Mill Clinic
10,155,New Takoradi Health Centre
10,155,Twin City Clinic
10,155,Ghacem Clinic
10,155,Port Clinic
10,155,St.Helier Clinic
10,155,West End Clinic
10,155,Joint Medical Centre
10,155,Bat Clinic
10,155,Danvic Clinic
10,155,Ghapoha Hospital
10,155,Takoradi Hospital
10,155,John Arthur Mememorial Clinic
10,155,Ghumco Clinic
10,155,Takoradi Clinic
10,155,Wamco Clinic
10,155,J.A.O. Dental Clinic
10,155,Western Venier Lamber Company (W.V.L.C.)Clinic
10,155,Mrs. Akoto Maternity Home
10,155,Rabito Clinic
10,155,Dohamm Clinic
10,157,Wassa Amenfi East District Health Directorate
10,157,Wassa Amenfi West District Health Directorate
10,158,Aboso Health Centre
10,159,St. Edward Clinic
10,159,Aseda Clinic
10,158,Crusader Health Centre
10,159,Bogoso Health Centre
10,160,Simpa Health Centre
10,160,Dompim Health Centre
10,159,Huni Valley Health Centre
10,160,Nyarso CHPS
10,160,Benso Health Centre
10,160,Nsuaem Health Centre
10,158,Asompa CHPS
10,158,Grace Maternity Home
10,158,Cemetary RCH/FP Clinic
10,158,Himan Health Centre
10,158,Prestea Hospital
10,159,Ebenezer Maternity Home
10,160,Hill Top Clinic
10,160,Ami Memorial Maternity Home
10,158,Ebenezer Hill Clinic
10,160,Vivian's Maternity Home
10,160,Tarkwa Municipal Hospital
10,160,Bosumtwe Maternity Home
10,158,Faith Valley Clinic
10,160,Tamohec Clinic
10,160,A.B.A. Hospital
10,158,Adom Maternity Home
10,160,New Atuabo Community Clinic
10,160,Rabboni Christian Hospital
10,159,Awudua Community Clinic
10,159,Huniso CHPS
10,158,Anglo Gold Ashanti Clinic
10,160,Iduapriem Community Clinic
10,160,G.M.C. Hospital
10,160,UMAT Clinic
10,160,Tarkwa Nsuaem Municipal Health Directorate
10,157,Wassa Akropong Government Hospital
10,157,Dawurampong CHPS
10,157,Prince of Peace Clinic
10,157,Jukwa Hemang CHPS 
10,157,Wassa Mampong Health Center
10,157,Oppon Valley Health Centre
10,157,Wassa Saa Health Centre
10,157,Pewuako CHPS
10,161,Adjakaa Manso Health Centre
10,161,Juabo Community Clinic
10,161,Agona Amenfi Community Clinic
10,161,Asankra Saa Clinic
10,161,Asankragwa Catholic Hospital
10,161,Wesley Clinic
10,161,Asankragwa RCH 
10,161,Asankran Breman Health Centre
10,161,Anyinabrim CHPS 
10,161,Manso Amenfi Health Centre
10,161,Nkwanta Clinic
10,161,Gravel Yard Clinic
10,161,St.Theresa Clinic
10,161,Samartex Hospital
10,154,Sefwi-Akontombra Health Assistance Training School
10,145,Asanta Health Assistance Training School
10,161,Asankragwa Health Assistance Training School
10,158,Takwa Nurses/Midwifery Training Colleage
10,145,Ewusiejoe CHPS
10,145,Egyam Catholic Clinic
10,145,Akwidaa CHPS
10,145,Nana Hima-Dekyi Hospital
10,145,Ekuba Ewoo Clinic
10,161,Wuratrem CHPS
10,161,Wassa Bonsie CHPS
10,161,Moseaso CHPS
10,161,Nana Amoanu Kwabeng Clinic
10,161,Nkwantanum CHPS
10,161,Moseaso CHPS
10,161,Bisaaso Clinic
10,147,Presby Clinic
10,147,St. Luke Methodist Clinic
10,147,St. John of God Clinic Annex
10,147,Kwasi Nkrumah CHPS
10,147,Asemnyinakrom Health Centre
10,147,Eye Ewurade Maternity Home
10,147,Cashier CPS
10,150,Kantankrubo Clinic
10,150,Ghana Moslem Mission Maternity Home
10,150,Bepoase Clinic
10,150,Serwaa Maternity Home
10,150,Bodi CHPS
10,150,Bonsu CHPS
10,150,Jatokrom CHPS
10,150,Juabeso RCH
10,150,The Promise of God Maternity Home
10,150,Rose Maternity Home
10,155,Infirmary Clinic
10,155,Scho ol for the Deaf Clinic
10,155,Sekondi College Clinic
10,155,St. Paul's Clinic
10,155,Anaji Maternity Home
10,155,Pioneer Tobacco Clinic
10,155,Fijai Secondary School Clinic
10,155,Old Hospital
10,155,Adom Clinic
10,155,Achbishop Porter Girls Clinic
10,155,GAP Clinic 
10,155,Ghacem Clinic
10,155,Peace Clinic
10,155,Solar Opticals Clinic
10,155,St. John Clinic
10,155,West African Mills Clinic
10,151,Nsadweso CHPS
10,151,Sekyere Hemang CHPS
10,151,Glory of God Maternity Home
10,158,SDA Clinic
10,158,B.G.L (Crusader) Clinic
10,158,S.A.B Maternity Home
10,158,Insusiding CHPS 
10,158,Teysec Clinic
10,158,Daamang CHPS
10,158,Community Health Nurse Training Colleage
10,158,G.A.G/A.G.A/A.A.I.L/Sam Jona Clinic
10,146,Jema CHPS
10,146,Dadieso Health Centre
10,146,Kwasuo/Bantama CHPS
10,146,SDA Clinic
10,146,Amonie Presby Clinic
10,148,Wenchi Clinic
10,148,Aboduabo CHPS
10,148,Bekwai Health Centre
10,148,Red Black Clinic
10,154,Akontombra Health Centre
10,154,Yamfo CHPS
10,153,Abrabra Health Centre
10,153,Ackaakrom Health Centre
10,153,Kaytess Maternity Home
10,153,Aboagyekrom CHPS
10,153,Wiawso Government Hospital
10,153,Paboase CHPS
10,153,Wiaso District Health Directorate
10,152,Aidoosuazo CHPS
10,152,Kwasikrom CHPS
10,152,A.B Bokazo CHPS
10,152,Krisan Refugee Camp Clinic
10,152,Kutukrom Health Centre
10,149,Ghana Nungua CHPS
10,149,New Town Clinic
10,149,Fatima Clinic
10,147,Kwametawiahkrom CHPS
10,147,Amoashed CHPS
10,147,Arhinful CHPS
10,147,Fosukrom CHPS
10,147,Owusu Ansah CHPS
10,147,Nsowakrom CHPS
10,147,New Papaase CHPS
10,148,Dominebo CHPS
10,148,Kumkumso CHPS
10,148,Anyinasuso Clinc
10,148,Atronsu CHPS
10,148,Ashiam CHPS
10,148,Central African Gold Hospital
10,148,Bibiani RCH
10,148,Bethlehem CHPS
10,148,Divine Love Hospital
10,148,ISOS Clinic
10,148,Bibiani-Anhwiaso-Bekwai District Health Directorate
10,162,Aiyinase Health Centre
10,162,Nana Benie M. Clinic
10,162,A. B. Bokazo Clinic
10,162,St. Martin de Porres Hospital
10,162,Krisan Camp Clinic
10,162,Esiama Health Centre
10,162,Kamgbunli CHPS
10,162,Mobile Clinic
10,162,Ampain Refugee Camp
10,162,Aidoosuazo CHPS
10,162,Kwasikrom CHPS
10,162,Asomase CHPS
10,162,Asasetre Health Centre
10,162,NASS SCH Clinic
10,162,West African Rescue Association Clinic
10,162,Ellembele District Health Directorate
10,149,Ahobre CHPS
10,149,Jawey Wharf CHPS
10,149,Anwiafutu CHPS
10,149,Angel Clinic
10,149,Fawoman CHPS
10,150,Boinzan RCH
10,150,Patakro CHPS
10,150,Benumsuo CHPS
10,150,Puakrom CHPS
10,150,Nyame Ama Clinc
10,150,Mafia CHPS
10,150,Adamase Clinic
10,150,Nallice Maternity
10,150,JJ Nkwanta CHPS
10,150,Kyensekokoo CHPS
10,150,Agyemandiem CHPS
10,150,Sayerano CHPS
10,151,Domama CHPS
10,151,Ayiem CHPS
10,163,Golden Star Bogooso Prestea Limited Clinic
10,163,Nsusuaden CHPS
10,163,Huniso CHPS
10,163,Himan Health Centre
10,163,Prestea Government Hospital
10,163,Asoampa CHPS
10,163,Prestea RCH
10,163,Odoye First Aid Post Clinic
10,163,Huni Valley Health Centre
10,163,Damang CHPS 
10,163,Goldfieds Ghana Limited Damang Clinic
10,163,Bompieso CHPS
10,163,Aboso Health Centre
10,163,SDA Wassa Nkran Community Clinic
10,163,Adom Maternity Home
10,163,Asikuma CHPS
10,153,Boako CHPS
10,153,Akurafu CHPS
10,153,Sui CHPS
10,153,Amafia CHP
10,153,Bechwa CHPS
10,153,Ahokwa CHPS
10,153,Nsuonsua CHPS
10,153,Nyamegyeso CHPS
10,153,Greenshield Clinic
10,156,Living Well CHPS
10,156,Inchaban CHPS
10,156,St.Benedit Hospital
10,160,Church of Pentecost Clinic
10,160,Sam Jonna Clinic
10,160,Divine Clinic
10,161,Agona Camp Clinic
10,161,Kwabeng Clinic
10,161,Somprey Clinic
10,161,Bokakore CHPS
10,161,Attobrakrom CHPS
10,161,Dunkwa CHPS
10,161,Asanco SHS Sickbay
10,161,Anakum CHPS
10,161,Akyekyere CHPS
10,161,Kwaman CHPS
10,161,Samreboi RCH
10,154,Bawakrom CHPS
10,154,Edewuakrom CHPS
10,154,Aburonahia CHPS
10,154,Manukrom CHPS
10,154,Ahwiafutu CHPS
10,154,Akontombra Annex RCH
10,154,Tanokrom CHPS
10,154,Chorichori CHPS
10,154,Kramokrom CHPS
10,154,Kordjour CHPS
10,154,Wansampo CHPS
10,154,Ackaakrom CHPS 
10,154,Apprutu CHPS
10,154,Kojokrom CHPS
10,154,Yawkrom CHPS
10,154,Kofikrom CHPS
10,156,Shama Health Administration
